bone	bone_rest_x_global_origin_in_meters	bone_rest_y_global_origin_in_meters	bone_rest_z_global_origin_in_meters	bone_rest_truncated_normalized_basis_axis_x_0	bone_rest_truncated_normalized_basis_axis_x_1	bone_rest_truncated_normalized_basis_axis_x_2	bone_rest_truncated_normalized_basis_axis_y_0	bone_rest_truncated_normalized_basis_axis_y_1	bone_rest_truncated_normalized_basis_axis_y_2	bone_rest_x_global_scale_in_meters	bone_rest_y_global_scale_in_meters	bone_rest_z_global_scale_in_meters	bone_x_global_origin_in_meters	bone_y_global_origin_in_meters	bone_z_global_origin_in_meters	bone_truncated_normalized_basis_axis_x_0	bone_truncated_normalized_basis_axis_x_1	bone_truncated_normalized_basis_axis_x_2	bone_truncated_normalized_basis_axis_y_0	bone_truncated_normalized_basis_axis_y_1	bone_truncated_normalized_basis_axis_y_2	bone_x_global_scale_in_meters	bone_y_global_scale_in_meters	bone_z_global_scale_in_meters	bone_parent_y_global_origin_in_meters	bone_parent_z_global_origin_in_meters	bone_parent_truncated_normalized_basis_axis_x_0	bone_parent_truncated_normalized_basis_axis_x_1	bone_parent_truncated_normalized_basis_axis_x_2	bone_parent_truncated_normalized_basis_axis_y_0	bone_parent_truncated_normalized_basis_axis_y_1	bone_parent_truncated_normalized_basis_axis_y_2	bone_parent_x_global_scale_in_meters	bone_parent_y_global_scale_in_meters	bone_parent_z_global_scale_in_meters	bone_hierarchy	specification_version	label
Hips	-0.00184498226736	-0.00184498226736	-0.00184498226736	-1	0	0.00000008742278	0	1	0	1	1	1	-0.00184498226736	1.01452004909515	-0.0192606896162	1	0	0	0	1	0	1	1	1	1.01452004909515	-0.0192606896162	1	0	0	0	1	0	1	1	1	Hips,,Spine,Spine1,Spine2,Neck,Head,leaf,LeftEye,RightEye,LeftShoulder,LeftArm,LeftForeArm,LeftHand,LeftHandThumb1,LeftHandThumb2,LeftHandThumb3,leaf.001,LeftHandIndex1,LeftHandIndex2,LeftHandIndex3,leaf.002,LeftHandMiddle1,LeftHandMiddle2,LeftHandMiddle3,leaf.003,LeftHandRing1,LeftHandRing2,LeftHandRing3,leaf.004,LeftHandPinky1,LeftHandPinky2,LeftHandPinky3,leaf.005,RightShoulder,RightArm,RightForeArm,RightHand,RightHandThumb1,RightHandThumb2,RightHandThumb3,leaf.006,RightHandIndex1,RightHandIndex2,RightHandIndex3,leaf.007,RightHandMiddle1,RightHandMiddle2,RightHandMiddle3,leaf.008,RightHandRing1,RightHandRing2,RightHandRing3,leaf.009,RightHandPinky1,RightHandPinky2,RightHandPinky3,leaf.010,LeftUpLeg,LeftLeg,LeftFoot,LeftToeBase,leaf.011,RightUpLeg,RightLeg,RightFoot,RightToeBase,leaf.012	VRM_VERSION_NONE	hips
Spine	-0	-0	-0	1	0	0	0	1	0	1	1	1	-0.00184498226736	1.11094999313354	-0.00518134515733	1	0	0	0	1	0	1	1	1	1.11094999313354	-0.00518134515733	1	0	0	0	1	0	1	1	1	Hips,,Spine,Spine1,Spine2,Neck,Head,leaf,LeftEye,RightEye,LeftShoulder,LeftArm,LeftForeArm,LeftHand,LeftHandThumb1,LeftHandThumb2,LeftHandThumb3,leaf.001,LeftHandIndex1,LeftHandIndex2,LeftHandIndex3,leaf.002,LeftHandMiddle1,LeftHandMiddle2,LeftHandMiddle3,leaf.003,LeftHandRing1,LeftHandRing2,LeftHandRing3,leaf.004,LeftHandPinky1,LeftHandPinky2,LeftHandPinky3,leaf.005,RightShoulder,RightArm,RightForeArm,RightHand,RightHandThumb1,RightHandThumb2,RightHandThumb3,leaf.006,RightHandIndex1,RightHandIndex2,RightHandIndex3,leaf.007,RightHandMiddle1,RightHandMiddle2,RightHandMiddle3,leaf.008,RightHandRing1,RightHandRing2,RightHandRing3,leaf.009,RightHandPinky1,RightHandPinky2,RightHandPinky3,leaf.010,LeftUpLeg,LeftLeg,LeftFoot,LeftToeBase,leaf.011,RightUpLeg,RightLeg,RightFoot,RightToeBase,leaf.012	VRM_VERSION_NONE	spine
Spine1	-0	-0	-0	1	0	0	0	1	0	1	1	1	-0.00184498226736	1.22345161437988	0.01124454941601	1	0	0	0	1	0	1	1	1	1.22345161437988	0.01124454941601	1	0	0	0	1	0	1	1	1	Hips,,Spine,Spine1,Spine2,Neck,Head,leaf,LeftEye,RightEye,LeftShoulder,LeftArm,LeftForeArm,LeftHand,LeftHandThumb1,LeftHandThumb2,LeftHandThumb3,leaf.001,LeftHandIndex1,LeftHandIndex2,LeftHandIndex3,leaf.002,LeftHandMiddle1,LeftHandMiddle2,LeftHandMiddle3,leaf.003,LeftHandRing1,LeftHandRing2,LeftHandRing3,leaf.004,LeftHandPinky1,LeftHandPinky2,LeftHandPinky3,leaf.005,RightShoulder,RightArm,RightForeArm,RightHand,RightHandThumb1,RightHandThumb2,RightHandThumb3,leaf.006,RightHandIndex1,RightHandIndex2,RightHandIndex3,leaf.007,RightHandMiddle1,RightHandMiddle2,RightHandMiddle3,leaf.008,RightHandRing1,RightHandRing2,RightHandRing3,leaf.009,RightHandPinky1,RightHandPinky2,RightHandPinky3,leaf.010,LeftUpLeg,LeftLeg,LeftFoot,LeftToeBase,leaf.011,RightUpLeg,RightLeg,RightFoot,RightToeBase,leaf.012	VRM_VERSION_NONE	VRM_BONE_NONE
Spine2	-0.00000000011642	-0.00000000011642	-0.00000000011642	1	0	0	0	1	0	1	1	1	-0.00184498238377	1.35202479362488	0.03001701459289	1	0	0	0	1	0	1	1	1	1.35202479362488	0.03001701459289	1	0	0	0	1	0	1	1	1	Hips,,Spine,Spine1,Spine2,Neck,Head,leaf,LeftEye,RightEye,LeftShoulder,LeftArm,LeftForeArm,LeftHand,LeftHandThumb1,LeftHandThumb2,LeftHandThumb3,leaf.001,LeftHandIndex1,LeftHandIndex2,LeftHandIndex3,leaf.002,LeftHandMiddle1,LeftHandMiddle2,LeftHandMiddle3,leaf.003,LeftHandRing1,LeftHandRing2,LeftHandRing3,leaf.004,LeftHandPinky1,LeftHandPinky2,LeftHandPinky3,leaf.005,RightShoulder,RightArm,RightForeArm,RightHand,RightHandThumb1,RightHandThumb2,RightHandThumb3,leaf.006,RightHandIndex1,RightHandIndex2,RightHandIndex3,leaf.007,RightHandMiddle1,RightHandMiddle2,RightHandMiddle3,leaf.008,RightHandRing1,RightHandRing2,RightHandRing3,leaf.009,RightHandPinky1,RightHandPinky2,RightHandPinky3,leaf.010,LeftUpLeg,LeftLeg,LeftFoot,LeftToeBase,leaf.011,RightUpLeg,RightLeg,RightFoot,RightToeBase,leaf.012	VRM_VERSION_NONE	chest
Neck	-0	-0	-0	1	0	0	0	1	0	1	1	1	-0.00184498238377	1.49666976928711	0.05113602429628	1	0	0	0	1	0	1	1	1	1.49666976928711	0.05113602429628	1	0	0	0	1	0	1	1	1	Hips,,Spine,Spine1,Spine2,Neck,Head,leaf,LeftEye,RightEye,LeftShoulder,LeftArm,LeftForeArm,LeftHand,LeftHandThumb1,LeftHandThumb2,LeftHandThumb3,leaf.001,LeftHandIndex1,LeftHandIndex2,LeftHandIndex3,leaf.002,LeftHandMiddle1,LeftHandMiddle2,LeftHandMiddle3,leaf.003,LeftHandRing1,LeftHandRing2,LeftHandRing3,leaf.004,LeftHandPinky1,LeftHandPinky2,LeftHandPinky3,leaf.005,RightShoulder,RightArm,RightForeArm,RightHand,RightHandThumb1,RightHandThumb2,RightHandThumb3,leaf.006,RightHandIndex1,RightHandIndex2,RightHandIndex3,leaf.007,RightHandMiddle1,RightHandMiddle2,RightHandMiddle3,leaf.008,RightHandRing1,RightHandRing2,RightHandRing3,leaf.009,RightHandPinky1,RightHandPinky2,RightHandPinky3,leaf.010,LeftUpLeg,LeftLeg,LeftFoot,LeftToeBase,leaf.011,RightUpLeg,RightLeg,RightFoot,RightToeBase,leaf.012	VRM_VERSION_NONE	neck
Head	-0	-0	-0	1	0	0	0	1	0	1	1	1	-0.00184498238377	1.60366559028625	0.0206932015717	1	0	0	0	1	0	1	1	1	1.60366559028625	0.0206932015717	1	0	0	0	1	0	1	1	1	Hips,,Spine,Spine1,Spine2,Neck,Head,leaf,LeftEye,RightEye,LeftShoulder,LeftArm,LeftForeArm,LeftHand,LeftHandThumb1,LeftHandThumb2,LeftHandThumb3,leaf.001,LeftHandIndex1,LeftHandIndex2,LeftHandIndex3,leaf.002,LeftHandMiddle1,LeftHandMiddle2,LeftHandMiddle3,leaf.003,LeftHandRing1,LeftHandRing2,LeftHandRing3,leaf.004,LeftHandPinky1,LeftHandPinky2,LeftHandPinky3,leaf.005,RightShoulder,RightArm,RightForeArm,RightHand,RightHandThumb1,RightHandThumb2,RightHandThumb3,leaf.006,RightHandIndex1,RightHandIndex2,RightHandIndex3,leaf.007,RightHandMiddle1,RightHandMiddle2,RightHandMiddle3,leaf.008,RightHandRing1,RightHandRing2,RightHandRing3,leaf.009,RightHandPinky1,RightHandPinky2,RightHandPinky3,leaf.010,LeftUpLeg,LeftLeg,LeftFoot,LeftToeBase,leaf.011,RightUpLeg,RightLeg,RightFoot,RightToeBase,leaf.012	VRM_VERSION_NONE	head
leaf	-0	-0	-0	1	0	0	0	1	0	1	1	1	-0.00184498238377	1.80729079246521	0.02069317176938	1	0	0	0	1	0	1	1	1	1.80729079246521	0.02069317176938	1	0	0	0	1	0	1	1	1	Hips,,Spine,Spine1,Spine2,Neck,Head,leaf,LeftEye,RightEye,LeftShoulder,LeftArm,LeftForeArm,LeftHand,LeftHandThumb1,LeftHandThumb2,LeftHandThumb3,leaf.001,LeftHandIndex1,LeftHandIndex2,LeftHandIndex3,leaf.002,LeftHandMiddle1,LeftHandMiddle2,LeftHandMiddle3,leaf.003,LeftHandRing1,LeftHandRing2,LeftHandRing3,leaf.004,LeftHandPinky1,LeftHandPinky2,LeftHandPinky3,leaf.005,RightShoulder,RightArm,RightForeArm,RightHand,RightHandThumb1,RightHandThumb2,RightHandThumb3,leaf.006,RightHandIndex1,RightHandIndex2,RightHandIndex3,leaf.007,RightHandMiddle1,RightHandMiddle2,RightHandMiddle3,leaf.008,RightHandRing1,RightHandRing2,RightHandRing3,leaf.009,RightHandPinky1,RightHandPinky2,RightHandPinky3,leaf.010,LeftUpLeg,LeftLeg,LeftFoot,LeftToeBase,leaf.011,RightUpLeg,RightLeg,RightFoot,RightToeBase,leaf.012	VRM_VERSION_NONE	VRM_BONE_NONE
LeftEye	-0.03014568425715	-0.03014568425715	-0.03014568425715	1	0	0	0	1	0	1	1	1	-0.03199066594243	1.69687521457672	-0.09045360982418	1	0	0	0	1	0	1	1	1	1.69687521457672	-0.09045360982418	1	0	0	0	1	0	1	1	1	Hips,,Spine,Spine1,Spine2,Neck,Head,leaf,LeftEye,RightEye,LeftShoulder,LeftArm,LeftForeArm,LeftHand,LeftHandThumb1,LeftHandThumb2,LeftHandThumb3,leaf.001,LeftHandIndex1,LeftHandIndex2,LeftHandIndex3,leaf.002,LeftHandMiddle1,LeftHandMiddle2,LeftHandMiddle3,leaf.003,LeftHandRing1,LeftHandRing2,LeftHandRing3,leaf.004,LeftHandPinky1,LeftHandPinky2,LeftHandPinky3,leaf.005,RightShoulder,RightArm,RightForeArm,RightHand,RightHandThumb1,RightHandThumb2,RightHandThumb3,leaf.006,RightHandIndex1,RightHandIndex2,RightHandIndex3,leaf.007,RightHandMiddle1,RightHandMiddle2,RightHandMiddle3,leaf.008,RightHandRing1,RightHandRing2,RightHandRing3,leaf.009,RightHandPinky1,RightHandPinky2,RightHandPinky3,leaf.010,LeftUpLeg,LeftLeg,LeftFoot,LeftToeBase,leaf.011,RightUpLeg,RightLeg,RightFoot,RightToeBase,leaf.012	VRM_VERSION_NONE	leftEye
RightEye	0.0324704349041	0.0324704349041	0.0324704349041	1	0	0	0	1	0	1	1	1	0.03062545321882	1.69687521457672	-0.09045360982418	1	0	0	0	1	0	1	1	1	1.69687521457672	-0.09045360982418	1	0	0	0	1	0	1	1	1	Hips,,Spine,Spine1,Spine2,Neck,Head,leaf,LeftEye,RightEye,LeftShoulder,LeftArm,LeftForeArm,LeftHand,LeftHandThumb1,LeftHandThumb2,LeftHandThumb3,leaf.001,LeftHandIndex1,LeftHandIndex2,LeftHandIndex3,leaf.002,LeftHandMiddle1,LeftHandMiddle2,LeftHandMiddle3,leaf.003,LeftHandRing1,LeftHandRing2,LeftHandRing3,leaf.004,LeftHandPinky1,LeftHandPinky2,LeftHandPinky3,leaf.005,RightShoulder,RightArm,RightForeArm,RightHand,RightHandThumb1,RightHandThumb2,RightHandThumb3,leaf.006,RightHandIndex1,RightHandIndex2,RightHandIndex3,leaf.007,RightHandMiddle1,RightHandMiddle2,RightHandMiddle3,leaf.008,RightHandRing1,RightHandRing2,RightHandRing3,leaf.009,RightHandPinky1,RightHandPinky2,RightHandPinky3,leaf.010,LeftUpLeg,LeftLeg,LeftFoot,LeftToeBase,leaf.011,RightUpLeg,RightLeg,RightFoot,RightToeBase,leaf.012	VRM_VERSION_NONE	rightEye
LeftShoulder	-0.05969266220927	-0.05969266220927	-0.05969266220927	1	0	0	0	1	0	1	1	1	-0.0615376457572	1.47550940513611	0.05109140649438	1	0	0	0	1	0	1	1	1	1.47550940513611	0.05109140649438	1	0	0	0	1	0	1	1	1	Hips,,Spine,Spine1,Spine2,Neck,Head,leaf,LeftEye,RightEye,LeftShoulder,LeftArm,LeftForeArm,LeftHand,LeftHandThumb1,LeftHandThumb2,LeftHandThumb3,leaf.001,LeftHandIndex1,LeftHandIndex2,LeftHandIndex3,leaf.002,LeftHandMiddle1,LeftHandMiddle2,LeftHandMiddle3,leaf.003,LeftHandRing1,LeftHandRing2,LeftHandRing3,leaf.004,LeftHandPinky1,LeftHandPinky2,LeftHandPinky3,leaf.005,RightShoulder,RightArm,RightForeArm,RightHand,RightHandThumb1,RightHandThumb2,RightHandThumb3,leaf.006,RightHandIndex1,RightHandIndex2,RightHandIndex3,leaf.007,RightHandMiddle1,RightHandMiddle2,RightHandMiddle3,leaf.008,RightHandRing1,RightHandRing2,RightHandRing3,leaf.009,RightHandPinky1,RightHandPinky2,RightHandPinky3,leaf.010,LeftUpLeg,LeftLeg,LeftFoot,LeftToeBase,leaf.011,RightUpLeg,RightLeg,RightFoot,RightToeBase,leaf.012	VRM_VERSION_NONE	leftShoulder
LeftArm	-0.11432851105928	-0.11432851105928	-0.11432851105928	1	0	0	0	1	0	1	1	1	-0.17586615681648	1.434286236763	0.05100218579173	1	0	0	0	1	0	1	1	1	1.434286236763	0.05100218579173	1	0	0	0	1	0	1	1	1	Hips,,Spine,Spine1,Spine2,Neck,Head,leaf,LeftEye,RightEye,LeftShoulder,LeftArm,LeftForeArm,LeftHand,LeftHandThumb1,LeftHandThumb2,LeftHandThumb3,leaf.001,LeftHandIndex1,LeftHandIndex2,LeftHandIndex3,leaf.002,LeftHandMiddle1,LeftHandMiddle2,LeftHandMiddle3,leaf.003,LeftHandRing1,LeftHandRing2,LeftHandRing3,leaf.004,LeftHandPinky1,LeftHandPinky2,LeftHandPinky3,leaf.005,RightShoulder,RightArm,RightForeArm,RightHand,RightHandThumb1,RightHandThumb2,RightHandThumb3,leaf.006,RightHandIndex1,RightHandIndex2,RightHandIndex3,leaf.007,RightHandMiddle1,RightHandMiddle2,RightHandMiddle3,leaf.008,RightHandRing1,RightHandRing2,RightHandRing3,leaf.009,RightHandPinky1,RightHandPinky2,RightHandPinky3,leaf.010,LeftUpLeg,LeftLeg,LeftFoot,LeftToeBase,leaf.011,RightUpLeg,RightLeg,RightFoot,RightToeBase,leaf.012	VRM_VERSION_NONE	leftUpperArm
LeftForeArm	-0.24203678965569	-0.24203678965569	-0.24203678965569	1	0	0	0	1	0	1	1	1	-0.41790294647217	1.41569638252258	0.02394174784422	1	0	0	0	1	0	1	1	1	1.41569638252258	0.02394174784422	1	0	0	0	1	0	1	1	1	Hips,,Spine,Spine1,Spine2,Neck,Head,leaf,LeftEye,RightEye,LeftShoulder,LeftArm,LeftForeArm,LeftHand,LeftHandThumb1,LeftHandThumb2,LeftHandThumb3,leaf.001,LeftHandIndex1,LeftHandIndex2,LeftHandIndex3,leaf.002,LeftHandMiddle1,LeftHandMiddle2,LeftHandMiddle3,leaf.003,LeftHandRing1,LeftHandRing2,LeftHandRing3,leaf.004,LeftHandPinky1,LeftHandPinky2,LeftHandPinky3,leaf.005,RightShoulder,RightArm,RightForeArm,RightHand,RightHandThumb1,RightHandThumb2,RightHandThumb3,leaf.006,RightHandIndex1,RightHandIndex2,RightHandIndex3,leaf.007,RightHandMiddle1,RightHandMiddle2,RightHandMiddle3,leaf.008,RightHandRing1,RightHandRing2,RightHandRing3,leaf.009,RightHandPinky1,RightHandPinky2,RightHandPinky3,leaf.010,LeftUpLeg,LeftLeg,LeftFoot,LeftToeBase,leaf.011,RightUpLeg,RightLeg,RightFoot,RightToeBase,leaf.012	VRM_VERSION_NONE	leftLowerArm
LeftHand	-0.2750928401947	-0.2750928401947	-0.2750928401947	1	0	0	0	1	0	1	1	1	-0.69299578666687	1.39674186706543	-0.00748669356108	1	0	0	0	1	0	1	1	1	1.39674186706543	-0.00748669356108	1	0	0	0	1	0	1	1	1	Hips,,Spine,Spine1,Spine2,Neck,Head,leaf,LeftEye,RightEye,LeftShoulder,LeftArm,LeftForeArm,LeftHand,LeftHandThumb1,LeftHandThumb2,LeftHandThumb3,leaf.001,LeftHandIndex1,LeftHandIndex2,LeftHandIndex3,leaf.002,LeftHandMiddle1,LeftHandMiddle2,LeftHandMiddle3,leaf.003,LeftHandRing1,LeftHandRing2,LeftHandRing3,leaf.004,LeftHandPinky1,LeftHandPinky2,LeftHandPinky3,leaf.005,RightShoulder,RightArm,RightForeArm,RightHand,RightHandThumb1,RightHandThumb2,RightHandThumb3,leaf.006,RightHandIndex1,RightHandIndex2,RightHandIndex3,leaf.007,RightHandMiddle1,RightHandMiddle2,RightHandMiddle3,leaf.008,RightHandRing1,RightHandRing2,RightHandRing3,leaf.009,RightHandPinky1,RightHandPinky2,RightHandPinky3,leaf.010,LeftUpLeg,LeftLeg,LeftFoot,LeftToeBase,leaf.011,RightUpLeg,RightLeg,RightFoot,RightToeBase,leaf.012	VRM_VERSION_NONE	leftHand
LeftHandThumb1	-0.03089219331741	-0.03089219331741	-0.03089219331741	1	0	0	0	1	0	1	1	1	-0.72388797998428	1.38591182231903	-0.04227681085467	1	0	0	0	1	0	1	1	1	1.38591182231903	-0.04227681085467	1	0	0	0	1	0	1	1	1	Hips,,Spine,Spine1,Spine2,Neck,Head,leaf,LeftEye,RightEye,LeftShoulder,LeftArm,LeftForeArm,LeftHand,LeftHandThumb1,LeftHandThumb2,LeftHandThumb3,leaf.001,LeftHandIndex1,LeftHandIndex2,LeftHandIndex3,leaf.002,LeftHandMiddle1,LeftHandMiddle2,LeftHandMiddle3,leaf.003,LeftHandRing1,LeftHandRing2,LeftHandRing3,leaf.004,LeftHandPinky1,LeftHandPinky2,LeftHandPinky3,leaf.005,RightShoulder,RightArm,RightForeArm,RightHand,RightHandThumb1,RightHandThumb2,RightHandThumb3,leaf.006,RightHandIndex1,RightHandIndex2,RightHandIndex3,leaf.007,RightHandMiddle1,RightHandMiddle2,RightHandMiddle3,leaf.008,RightHandRing1,RightHandRing2,RightHandRing3,leaf.009,RightHandPinky1,RightHandPinky2,RightHandPinky3,leaf.010,LeftUpLeg,LeftLeg,LeftFoot,LeftToeBase,leaf.011,RightUpLeg,RightLeg,RightFoot,RightToeBase,leaf.012	VRM_VERSION_NONE	leftThumbProximal
LeftHandThumb2	-0.02471387386322	-0.02471387386322	-0.02471387386322	1	0	0	0	1	0	1	1	1	-0.7486018538475	1.37724769115448	-0.07010894268751	1	0	0	0	1	0	1	1	1	1.37724769115448	-0.07010894268751	1	0	0	0	1	0	1	1	1	Hips,,Spine,Spine1,Spine2,Neck,Head,leaf,LeftEye,RightEye,LeftShoulder,LeftArm,LeftForeArm,LeftHand,LeftHandThumb1,LeftHandThumb2,LeftHandThumb3,leaf.001,LeftHandIndex1,LeftHandIndex2,LeftHandIndex3,leaf.002,LeftHandMiddle1,LeftHandMiddle2,LeftHandMiddle3,leaf.003,LeftHandRing1,LeftHandRing2,LeftHandRing3,leaf.004,LeftHandPinky1,LeftHandPinky2,LeftHandPinky3,leaf.005,RightShoulder,RightArm,RightForeArm,RightHand,RightHandThumb1,RightHandThumb2,RightHandThumb3,leaf.006,RightHandIndex1,RightHandIndex2,RightHandIndex3,leaf.007,RightHandMiddle1,RightHandMiddle2,RightHandMiddle3,leaf.008,RightHandRing1,RightHandRing2,RightHandRing3,leaf.009,RightHandPinky1,RightHandPinky2,RightHandPinky3,leaf.010,LeftUpLeg,LeftLeg,LeftFoot,LeftToeBase,leaf.011,RightUpLeg,RightLeg,RightFoot,RightToeBase,leaf.012	VRM_VERSION_NONE	leftThumbIntermediate
LeftHandThumb3	-0.02015864849091	-0.02015864849091	-0.02015864849091	1	0	0	0	1	0	1	1	1	-0.76876050233841	1.361936211586	-0.09737772494555	1	0	0	0	1	0	1	1	1	1.361936211586	-0.09737772494555	1	0	0	0	1	0	1	1	1	Hips,,Spine,Spine1,Spine2,Neck,Head,leaf,LeftEye,RightEye,LeftShoulder,LeftArm,LeftForeArm,LeftHand,LeftHandThumb1,LeftHandThumb2,LeftHandThumb3,leaf.001,LeftHandIndex1,LeftHandIndex2,LeftHandIndex3,leaf.002,LeftHandMiddle1,LeftHandMiddle2,LeftHandMiddle3,leaf.003,LeftHandRing1,LeftHandRing2,LeftHandRing3,leaf.004,LeftHandPinky1,LeftHandPinky2,LeftHandPinky3,leaf.005,RightShoulder,RightArm,RightForeArm,RightHand,RightHandThumb1,RightHandThumb2,RightHandThumb3,leaf.006,RightHandIndex1,RightHandIndex2,RightHandIndex3,leaf.007,RightHandMiddle1,RightHandMiddle2,RightHandMiddle3,leaf.008,RightHandRing1,RightHandRing2,RightHandRing3,leaf.009,RightHandPinky1,RightHandPinky2,RightHandPinky3,leaf.010,LeftUpLeg,LeftLeg,LeftFoot,LeftToeBase,leaf.011,RightUpLeg,RightLeg,RightFoot,RightToeBase,leaf.012	VRM_VERSION_NONE	leftThumbDistal
leaf.001	-0.02018719911575	-0.02018719911575	-0.02018719911575	1	0	0	0	1	0	1	1	1	-0.78894770145416	1.35372972488403	-0.12229640036821	1	0	0	0	1	0	1	1	1	1.35372972488403	-0.12229640036821	1	0	0	0	1	0	1	1	1	Hips,,Spine,Spine1,Spine2,Neck,Head,leaf,LeftEye,RightEye,LeftShoulder,LeftArm,LeftForeArm,LeftHand,LeftHandThumb1,LeftHandThumb2,LeftHandThumb3,leaf.001,LeftHandIndex1,LeftHandIndex2,LeftHandIndex3,leaf.002,LeftHandMiddle1,LeftHandMiddle2,LeftHandMiddle3,leaf.003,LeftHandRing1,LeftHandRing2,LeftHandRing3,leaf.004,LeftHandPinky1,LeftHandPinky2,LeftHandPinky3,leaf.005,RightShoulder,RightArm,RightForeArm,RightHand,RightHandThumb1,RightHandThumb2,RightHandThumb3,leaf.006,RightHandIndex1,RightHandIndex2,RightHandIndex3,leaf.007,RightHandMiddle1,RightHandMiddle2,RightHandMiddle3,leaf.008,RightHandRing1,RightHandRing2,RightHandRing3,leaf.009,RightHandPinky1,RightHandPinky2,RightHandPinky3,leaf.010,LeftUpLeg,LeftLeg,LeftFoot,LeftToeBase,leaf.011,RightUpLeg,RightLeg,RightFoot,RightToeBase,leaf.012	VRM_VERSION_NONE	VRM_BONE_NONE
LeftHandIndex1	-0.09808832406998	-0.09808832406998	-0.09808832406998	1	0	0	0	1	0	1	1	1	-0.79108411073685	1.39909207820892	-0.06748809665442	1	0	0	0	1	0	1	1	1	1.39909207820892	-0.06748809665442	1	0	0	0	1	0	1	1	1	Hips,,Spine,Spine1,Spine2,Neck,Head,leaf,LeftEye,RightEye,LeftShoulder,LeftArm,LeftForeArm,LeftHand,LeftHandThumb1,LeftHandThumb2,LeftHandThumb3,leaf.001,LeftHandIndex1,LeftHandIndex2,LeftHandIndex3,leaf.002,LeftHandMiddle1,LeftHandMiddle2,LeftHandMiddle3,leaf.003,LeftHandRing1,LeftHandRing2,LeftHandRing3,leaf.004,LeftHandPinky1,LeftHandPinky2,LeftHandPinky3,leaf.005,RightShoulder,RightArm,RightForeArm,RightHand,RightHandThumb1,RightHandThumb2,RightHandThumb3,leaf.006,RightHandIndex1,RightHandIndex2,RightHandIndex3,leaf.007,RightHandMiddle1,RightHandMiddle2,RightHandMiddle3,leaf.008,RightHandRing1,RightHandRing2,RightHandRing3,leaf.009,RightHandPinky1,RightHandPinky2,RightHandPinky3,leaf.010,LeftUpLeg,LeftLeg,LeftFoot,LeftToeBase,leaf.011,RightUpLeg,RightLeg,RightFoot,RightToeBase,leaf.012	VRM_VERSION_NONE	leftIndexProximal
LeftHandIndex2	-0.02807551622391	-0.02807551622391	-0.02807551622391	1	0	0	0	1	0	1	1	1	-0.81915962696075	1.39937269687653	-0.08127568662167	1	0	0	0	1	0	1	1	1	1.39937269687653	-0.08127568662167	1	0	0	0	1	0	1	1	1	Hips,,Spine,Spine1,Spine2,Neck,Head,leaf,LeftEye,RightEye,LeftShoulder,LeftArm,LeftForeArm,LeftHand,LeftHandThumb1,LeftHandThumb2,LeftHandThumb3,leaf.001,LeftHandIndex1,LeftHandIndex2,LeftHandIndex3,leaf.002,LeftHandMiddle1,LeftHandMiddle2,LeftHandMiddle3,leaf.003,LeftHandRing1,LeftHandRing2,LeftHandRing3,leaf.004,LeftHandPinky1,LeftHandPinky2,LeftHandPinky3,leaf.005,RightShoulder,RightArm,RightForeArm,RightHand,RightHandThumb1,RightHandThumb2,RightHandThumb3,leaf.006,RightHandIndex1,RightHandIndex2,RightHandIndex3,leaf.007,RightHandMiddle1,RightHandMiddle2,RightHandMiddle3,leaf.008,RightHandRing1,RightHandRing2,RightHandRing3,leaf.009,RightHandPinky1,RightHandPinky2,RightHandPinky3,leaf.010,LeftUpLeg,LeftLeg,LeftFoot,LeftToeBase,leaf.011,RightUpLeg,RightLeg,RightFoot,RightToeBase,leaf.012	VRM_VERSION_NONE	leftIndexIntermediate
LeftHandIndex3	-0.02653843164444	-0.02653843164444	-0.02653843164444	1	0	0	0	1	0	1	1	1	-0.84569805860519	1.39670836925507	-0.09396129101515	1	0	0	0	1	0	1	1	1	1.39670836925507	-0.09396129101515	1	0	0	0	1	0	1	1	1	Hips,,Spine,Spine1,Spine2,Neck,Head,leaf,LeftEye,RightEye,LeftShoulder,LeftArm,LeftForeArm,LeftHand,LeftHandThumb1,LeftHandThumb2,LeftHandThumb3,leaf.001,LeftHandIndex1,LeftHandIndex2,LeftHandIndex3,leaf.002,LeftHandMiddle1,LeftHandMiddle2,LeftHandMiddle3,leaf.003,LeftHandRing1,LeftHandRing2,LeftHandRing3,leaf.004,LeftHandPinky1,LeftHandPinky2,LeftHandPinky3,leaf.005,RightShoulder,RightArm,RightForeArm,RightHand,RightHandThumb1,RightHandThumb2,RightHandThumb3,leaf.006,RightHandIndex1,RightHandIndex2,RightHandIndex3,leaf.007,RightHandMiddle1,RightHandMiddle2,RightHandMiddle3,leaf.008,RightHandRing1,RightHandRing2,RightHandRing3,leaf.009,RightHandPinky1,RightHandPinky2,RightHandPinky3,leaf.010,LeftUpLeg,LeftLeg,LeftFoot,LeftToeBase,leaf.011,RightUpLeg,RightLeg,RightFoot,RightToeBase,leaf.012	VRM_VERSION_NONE	leftIndexDistal
leaf.002	-0.02435821294785	-0.02435821294785	-0.02435821294785	1	0	0	0	1	0	1	1	1	-0.87005627155304	1.39696180820465	-0.10582388192415	1	0	0	0	1	0	1	1	1	1.39696180820465	-0.10582388192415	1	0	0	0	1	0	1	1	1	Hips,,Spine,Spine1,Spine2,Neck,Head,leaf,LeftEye,RightEye,LeftShoulder,LeftArm,LeftForeArm,LeftHand,LeftHandThumb1,LeftHandThumb2,LeftHandThumb3,leaf.001,LeftHandIndex1,LeftHandIndex2,LeftHandIndex3,leaf.002,LeftHandMiddle1,LeftHandMiddle2,LeftHandMiddle3,leaf.003,LeftHandRing1,LeftHandRing2,LeftHandRing3,leaf.004,LeftHandPinky1,LeftHandPinky2,LeftHandPinky3,leaf.005,RightShoulder,RightArm,RightForeArm,RightHand,RightHandThumb1,RightHandThumb2,RightHandThumb3,leaf.006,RightHandIndex1,RightHandIndex2,RightHandIndex3,leaf.007,RightHandMiddle1,RightHandMiddle2,RightHandMiddle3,leaf.008,RightHandRing1,RightHandRing2,RightHandRing3,leaf.009,RightHandPinky1,RightHandPinky2,RightHandPinky3,leaf.010,LeftUpLeg,LeftLeg,LeftFoot,LeftToeBase,leaf.011,RightUpLeg,RightLeg,RightFoot,RightToeBase,leaf.012	VRM_VERSION_NONE	VRM_BONE_NONE
LeftHandMiddle1	-0.10763245820999	-0.10763245820999	-0.10763245820999	1	0	0	0	1	0	1	1	1	-0.80062824487686	1.40257799625397	-0.04457211494446	1	0	0	0	1	0	1	1	1	1.40257799625397	-0.04457211494446	1	0	0	0	1	0	1	1	1	Hips,,Spine,Spine1,Spine2,Neck,Head,leaf,LeftEye,RightEye,LeftShoulder,LeftArm,LeftForeArm,LeftHand,LeftHandThumb1,LeftHandThumb2,LeftHandThumb3,leaf.001,LeftHandIndex1,LeftHandIndex2,LeftHandIndex3,leaf.002,LeftHandMiddle1,LeftHandMiddle2,LeftHandMiddle3,leaf.003,LeftHandRing1,LeftHandRing2,LeftHandRing3,leaf.004,LeftHandPinky1,LeftHandPinky2,LeftHandPinky3,leaf.005,RightShoulder,RightArm,RightForeArm,RightHand,RightHandThumb1,RightHandThumb2,RightHandThumb3,leaf.006,RightHandIndex1,RightHandIndex2,RightHandIndex3,leaf.007,RightHandMiddle1,RightHandMiddle2,RightHandMiddle3,leaf.008,RightHandRing1,RightHandRing2,RightHandRing3,leaf.009,RightHandPinky1,RightHandPinky2,RightHandPinky3,leaf.010,LeftUpLeg,LeftLeg,LeftFoot,LeftToeBase,leaf.011,RightUpLeg,RightLeg,RightFoot,RightToeBase,leaf.012	VRM_VERSION_NONE	leftMiddleProximal
LeftHandMiddle2	-0.03145605325699	-0.03145605325699	-0.03145605325699	1	0	0	0	1	0	1	1	1	-0.83208429813385	1.40533292293549	-0.054433375597	1	0	0	0	1	0	1	1	1	1.40533292293549	-0.054433375597	1	0	0	0	1	0	1	1	1	Hips,,Spine,Spine1,Spine2,Neck,Head,leaf,LeftEye,RightEye,LeftShoulder,LeftArm,LeftForeArm,LeftHand,LeftHandThumb1,LeftHandThumb2,LeftHandThumb3,leaf.001,LeftHandIndex1,LeftHandIndex2,LeftHandIndex3,leaf.002,LeftHandMiddle1,LeftHandMiddle2,LeftHandMiddle3,leaf.003,LeftHandRing1,LeftHandRing2,LeftHandRing3,leaf.004,LeftHandPinky1,LeftHandPinky2,LeftHandPinky3,leaf.005,RightShoulder,RightArm,RightForeArm,RightHand,RightHandThumb1,RightHandThumb2,RightHandThumb3,leaf.006,RightHandIndex1,RightHandIndex2,RightHandIndex3,leaf.007,RightHandMiddle1,RightHandMiddle2,RightHandMiddle3,leaf.008,RightHandRing1,RightHandRing2,RightHandRing3,leaf.009,RightHandPinky1,RightHandPinky2,RightHandPinky3,leaf.010,LeftUpLeg,LeftLeg,LeftFoot,LeftToeBase,leaf.011,RightUpLeg,RightLeg,RightFoot,RightToeBase,leaf.012	VRM_VERSION_NONE	leftMiddleIntermediate
LeftHandMiddle3	-0.03011685609818	-0.03011685609818	-0.03011685609818	1	0	0	0	1	0	1	1	1	-0.86220115423203	1.40423238277435	-0.06352528184652	1	0	0	0	1	0	1	1	1	1.40423238277435	-0.06352528184652	1	0	0	0	1	0	1	1	1	Hips,,Spine,Spine1,Spine2,Neck,Head,leaf,LeftEye,RightEye,LeftShoulder,LeftArm,LeftForeArm,LeftHand,LeftHandThumb1,LeftHandThumb2,LeftHandThumb3,leaf.001,LeftHandIndex1,LeftHandIndex2,LeftHandIndex3,leaf.002,LeftHandMiddle1,LeftHandMiddle2,LeftHandMiddle3,leaf.003,LeftHandRing1,LeftHandRing2,LeftHandRing3,leaf.004,LeftHandPinky1,LeftHandPinky2,LeftHandPinky3,leaf.005,RightShoulder,RightArm,RightForeArm,RightHand,RightHandThumb1,RightHandThumb2,RightHandThumb3,leaf.006,RightHandIndex1,RightHandIndex2,RightHandIndex3,leaf.007,RightHandMiddle1,RightHandMiddle2,RightHandMiddle3,leaf.008,RightHandRing1,RightHandRing2,RightHandRing3,leaf.009,RightHandPinky1,RightHandPinky2,RightHandPinky3,leaf.010,LeftUpLeg,LeftLeg,LeftFoot,LeftToeBase,leaf.011,RightUpLeg,RightLeg,RightFoot,RightToeBase,leaf.012	VRM_VERSION_NONE	leftMiddleDistal
leaf.003	-0.02666771411896	-0.02666771411896	-0.02666771411896	1	0	0	0	1	0	1	1	1	-0.88886886835098	1.40937149524689	-0.07189954817295	1	0	0	0	1	0	1	1	1	1.40937149524689	-0.07189954817295	1	0	0	0	1	0	1	1	1	Hips,,Spine,Spine1,Spine2,Neck,Head,leaf,LeftEye,RightEye,LeftShoulder,LeftArm,LeftForeArm,LeftHand,LeftHandThumb1,LeftHandThumb2,LeftHandThumb3,leaf.001,LeftHandIndex1,LeftHandIndex2,LeftHandIndex3,leaf.002,LeftHandMiddle1,LeftHandMiddle2,LeftHandMiddle3,leaf.003,LeftHandRing1,LeftHandRing2,LeftHandRing3,leaf.004,LeftHandPinky1,LeftHandPinky2,LeftHandPinky3,leaf.005,RightShoulder,RightArm,RightForeArm,RightHand,RightHandThumb1,RightHandThumb2,RightHandThumb3,leaf.006,RightHandIndex1,RightHandIndex2,RightHandIndex3,leaf.007,RightHandMiddle1,RightHandMiddle2,RightHandMiddle3,leaf.008,RightHandRing1,RightHandRing2,RightHandRing3,leaf.009,RightHandPinky1,RightHandPinky2,RightHandPinky3,leaf.010,LeftUpLeg,LeftLeg,LeftFoot,LeftToeBase,leaf.011,RightUpLeg,RightLeg,RightFoot,RightToeBase,leaf.012	VRM_VERSION_NONE	VRM_BONE_NONE
LeftHandRing1	-0.11513030529022	-0.11513030529022	-0.11513030529022	1	0	0	0	1	0	1	1	1	-0.80812609195709	1.40268433094025	-0.02073147892952	1	0	0	0	1	0	1	1	1	1.40268433094025	-0.02073147892952	1	0	0	0	1	0	1	1	1	Hips,,Spine,Spine1,Spine2,Neck,Head,leaf,LeftEye,RightEye,LeftShoulder,LeftArm,LeftForeArm,LeftHand,LeftHandThumb1,LeftHandThumb2,LeftHandThumb3,leaf.001,LeftHandIndex1,LeftHandIndex2,LeftHandIndex3,leaf.002,LeftHandMiddle1,LeftHandMiddle2,LeftHandMiddle3,leaf.003,LeftHandRing1,LeftHandRing2,LeftHandRing3,leaf.004,LeftHandPinky1,LeftHandPinky2,LeftHandPinky3,leaf.005,RightShoulder,RightArm,RightForeArm,RightHand,RightHandThumb1,RightHandThumb2,RightHandThumb3,leaf.006,RightHandIndex1,RightHandIndex2,RightHandIndex3,leaf.007,RightHandMiddle1,RightHandMiddle2,RightHandMiddle3,leaf.008,RightHandRing1,RightHandRing2,RightHandRing3,leaf.009,RightHandPinky1,RightHandPinky2,RightHandPinky3,leaf.010,LeftUpLeg,LeftLeg,LeftFoot,LeftToeBase,leaf.011,RightUpLeg,RightLeg,RightFoot,RightToeBase,leaf.012	VRM_VERSION_NONE	leftRingProximal
LeftHandRing2	-0.02851492166519	-0.02851492166519	-0.02851492166519	1	0	0	0	1	0	1	1	1	-0.83664101362228	1.40590977668762	-0.0238570664078	1	0	0	0	1	0	1	1	1	1.40590977668762	-0.0238570664078	1	0	0	0	1	0	1	1	1	Hips,,Spine,Spine1,Spine2,Neck,Head,leaf,LeftEye,RightEye,LeftShoulder,LeftArm,LeftForeArm,LeftHand,LeftHandThumb1,LeftHandThumb2,LeftHandThumb3,leaf.001,LeftHandIndex1,LeftHandIndex2,LeftHandIndex3,leaf.002,LeftHandMiddle1,LeftHandMiddle2,LeftHandMiddle3,leaf.003,LeftHandRing1,LeftHandRing2,LeftHandRing3,leaf.004,LeftHandPinky1,LeftHandPinky2,LeftHandPinky3,leaf.005,RightShoulder,RightArm,RightForeArm,RightHand,RightHandThumb1,RightHandThumb2,RightHandThumb3,leaf.006,RightHandIndex1,RightHandIndex2,RightHandIndex3,leaf.007,RightHandMiddle1,RightHandMiddle2,RightHandMiddle3,leaf.008,RightHandRing1,RightHandRing2,RightHandRing3,leaf.009,RightHandPinky1,RightHandPinky2,RightHandPinky3,leaf.010,LeftUpLeg,LeftLeg,LeftFoot,LeftToeBase,leaf.011,RightUpLeg,RightLeg,RightFoot,RightToeBase,leaf.012	VRM_VERSION_NONE	leftRingIntermediate
LeftHandRing3	-0.02631884813309	-0.02631884813309	-0.02631884813309	1	0	0	0	1	0	1	1	1	-0.86295986175537	1.40816748142242	-0.02668786421418	1	0	0	0	1	0	1	1	1	1.40816748142242	-0.02668786421418	1	0	0	0	1	0	1	1	1	Hips,,Spine,Spine1,Spine2,Neck,Head,leaf,LeftEye,RightEye,LeftShoulder,LeftArm,LeftForeArm,LeftHand,LeftHandThumb1,LeftHandThumb2,LeftHandThumb3,leaf.001,LeftHandIndex1,LeftHandIndex2,LeftHandIndex3,leaf.002,LeftHandMiddle1,LeftHandMiddle2,LeftHandMiddle3,leaf.003,LeftHandRing1,LeftHandRing2,LeftHandRing3,leaf.004,LeftHandPinky1,LeftHandPinky2,LeftHandPinky3,leaf.005,RightShoulder,RightArm,RightForeArm,RightHand,RightHandThumb1,RightHandThumb2,RightHandThumb3,leaf.006,RightHandIndex1,RightHandIndex2,RightHandIndex3,leaf.007,RightHandMiddle1,RightHandMiddle2,RightHandMiddle3,leaf.008,RightHandRing1,RightHandRing2,RightHandRing3,leaf.009,RightHandPinky1,RightHandPinky2,RightHandPinky3,leaf.010,LeftUpLeg,LeftLeg,LeftFoot,LeftToeBase,leaf.011,RightUpLeg,RightLeg,RightFoot,RightToeBase,leaf.012	VRM_VERSION_NONE	leftRingDistal
leaf.004	-0.02165502309799	-0.02165502309799	-0.02165502309799	1	0	0	0	1	0	1	1	1	-0.88461488485336	1.40930366516113	-0.02901526540518	1	0	0	0	1	0	1	1	1	1.40930366516113	-0.02901526540518	1	0	0	0	1	0	1	1	1	Hips,,Spine,Spine1,Spine2,Neck,Head,leaf,LeftEye,RightEye,LeftShoulder,LeftArm,LeftForeArm,LeftHand,LeftHandThumb1,LeftHandThumb2,LeftHandThumb3,leaf.001,LeftHandIndex1,LeftHandIndex2,LeftHandIndex3,leaf.002,LeftHandMiddle1,LeftHandMiddle2,LeftHandMiddle3,leaf.003,LeftHandRing1,LeftHandRing2,LeftHandRing3,leaf.004,LeftHandPinky1,LeftHandPinky2,LeftHandPinky3,leaf.005,RightShoulder,RightArm,RightForeArm,RightHand,RightHandThumb1,RightHandThumb2,RightHandThumb3,leaf.006,RightHandIndex1,RightHandIndex2,RightHandIndex3,leaf.007,RightHandMiddle1,RightHandMiddle2,RightHandMiddle3,leaf.008,RightHandRing1,RightHandRing2,RightHandRing3,leaf.009,RightHandPinky1,RightHandPinky2,RightHandPinky3,leaf.010,LeftUpLeg,LeftLeg,LeftFoot,LeftToeBase,leaf.011,RightUpLeg,RightLeg,RightFoot,RightToeBase,leaf.012	VRM_VERSION_NONE	VRM_BONE_NONE
LeftHandPinky1	-0.10625112056732	-0.10625112056732	-0.10625112056732	1	0	0	0	1	0	1	1	1	-0.79924690723419	1.3975487947464	0.00114113371819	1	0	0	0	1	0	1	1	1	1.3975487947464	0.00114113371819	1	0	0	0	1	0	1	1	1	Hips,,Spine,Spine1,Spine2,Neck,Head,leaf,LeftEye,RightEye,LeftShoulder,LeftArm,LeftForeArm,LeftHand,LeftHandThumb1,LeftHandThumb2,LeftHandThumb3,leaf.001,LeftHandIndex1,LeftHandIndex2,LeftHandIndex3,leaf.002,LeftHandMiddle1,LeftHandMiddle2,LeftHandMiddle3,leaf.003,LeftHandRing1,LeftHandRing2,LeftHandRing3,leaf.004,LeftHandPinky1,LeftHandPinky2,LeftHandPinky3,leaf.005,RightShoulder,RightArm,RightForeArm,RightHand,RightHandThumb1,RightHandThumb2,RightHandThumb3,leaf.006,RightHandIndex1,RightHandIndex2,RightHandIndex3,leaf.007,RightHandMiddle1,RightHandMiddle2,RightHandMiddle3,leaf.008,RightHandRing1,RightHandRing2,RightHandRing3,leaf.009,RightHandPinky1,RightHandPinky2,RightHandPinky3,leaf.010,LeftUpLeg,LeftLeg,LeftFoot,LeftToeBase,leaf.011,RightUpLeg,RightLeg,RightFoot,RightToeBase,leaf.012	VRM_VERSION_NONE	leftLittleProximal
LeftHandPinky2	-0.02388405799866	-0.02388405799866	-0.02388405799866	1	0	0	0	1	0	1	1	1	-0.82313096523285	1.40172374248505	0.00640837661922	1	0	0	0	1	0	1	1	1	1.40172374248505	0.00640837661922	1	0	0	0	1	0	1	1	1	Hips,,Spine,Spine1,Spine2,Neck,Head,leaf,LeftEye,RightEye,LeftShoulder,LeftArm,LeftForeArm,LeftHand,LeftHandThumb1,LeftHandThumb2,LeftHandThumb3,leaf.001,LeftHandIndex1,LeftHandIndex2,LeftHandIndex3,leaf.002,LeftHandMiddle1,LeftHandMiddle2,LeftHandMiddle3,leaf.003,LeftHandRing1,LeftHandRing2,LeftHandRing3,leaf.004,LeftHandPinky1,LeftHandPinky2,LeftHandPinky3,leaf.005,RightShoulder,RightArm,RightForeArm,RightHand,RightHandThumb1,RightHandThumb2,RightHandThumb3,leaf.006,RightHandIndex1,RightHandIndex2,RightHandIndex3,leaf.007,RightHandMiddle1,RightHandMiddle2,RightHandMiddle3,leaf.008,RightHandRing1,RightHandRing2,RightHandRing3,leaf.009,RightHandPinky1,RightHandPinky2,RightHandPinky3,leaf.010,LeftUpLeg,LeftLeg,LeftFoot,LeftToeBase,leaf.011,RightUpLeg,RightLeg,RightFoot,RightToeBase,leaf.012	VRM_VERSION_NONE	leftLittleIntermediate
LeftHandPinky3	-0.0195906162262	-0.0195906162262	-0.0195906162262	1	0	0	0	1	0	1	1	1	-0.84272158145905	1.40304720401764	0.01082442048937	1	0	0	0	1	0	1	1	1	1.40304720401764	0.01082442048937	1	0	0	0	1	0	1	1	1	Hips,,Spine,Spine1,Spine2,Neck,Head,leaf,LeftEye,RightEye,LeftShoulder,LeftArm,LeftForeArm,LeftHand,LeftHandThumb1,LeftHandThumb2,LeftHandThumb3,leaf.001,LeftHandIndex1,LeftHandIndex2,LeftHandIndex3,leaf.002,LeftHandMiddle1,LeftHandMiddle2,LeftHandMiddle3,leaf.003,LeftHandRing1,LeftHandRing2,LeftHandRing3,leaf.004,LeftHandPinky1,LeftHandPinky2,LeftHandPinky3,leaf.005,RightShoulder,RightArm,RightForeArm,RightHand,RightHandThumb1,RightHandThumb2,RightHandThumb3,leaf.006,RightHandIndex1,RightHandIndex2,RightHandIndex3,leaf.007,RightHandMiddle1,RightHandMiddle2,RightHandMiddle3,leaf.008,RightHandRing1,RightHandRing2,RightHandRing3,leaf.009,RightHandPinky1,RightHandPinky2,RightHandPinky3,leaf.010,LeftUpLeg,LeftLeg,LeftFoot,LeftToeBase,leaf.011,RightUpLeg,RightLeg,RightFoot,RightToeBase,leaf.012	VRM_VERSION_NONE	leftLittleDistal
leaf.005	-0.01731234788895	-0.01731234788895	-0.01731234788895	1	0	0	0	1	0	1	1	1	-0.86003392934799	1.40559196472168	0.01467852760106	1	0	0	0	1	0	1	1	1	1.40559196472168	0.01467852760106	1	0	0	0	1	0	1	1	1	Hips,,Spine,Spine1,Spine2,Neck,Head,leaf,LeftEye,RightEye,LeftShoulder,LeftArm,LeftForeArm,LeftHand,LeftHandThumb1,LeftHandThumb2,LeftHandThumb3,leaf.001,LeftHandIndex1,LeftHandIndex2,LeftHandIndex3,leaf.002,LeftHandMiddle1,LeftHandMiddle2,LeftHandMiddle3,leaf.003,LeftHandRing1,LeftHandRing2,LeftHandRing3,leaf.004,LeftHandPinky1,LeftHandPinky2,LeftHandPinky3,leaf.005,RightShoulder,RightArm,RightForeArm,RightHand,RightHandThumb1,RightHandThumb2,RightHandThumb3,leaf.006,RightHandIndex1,RightHandIndex2,RightHandIndex3,leaf.007,RightHandMiddle1,RightHandMiddle2,RightHandMiddle3,leaf.008,RightHandRing1,RightHandRing2,RightHandRing3,leaf.009,RightHandPinky1,RightHandPinky2,RightHandPinky3,leaf.010,LeftUpLeg,LeftLeg,LeftFoot,LeftToeBase,leaf.011,RightUpLeg,RightLeg,RightFoot,RightToeBase,leaf.012	VRM_VERSION_NONE	VRM_BONE_NONE
RightShoulder	0.05969262495637	0.05969262495637	0.05969262495637	1	0	0	0	1	0	1	1	1	0.05784764140844	1.47550928592682	0.05118063464761	1	0	0	0	1	0	1	1	1	1.47550928592682	0.05118063464761	1	0	0	0	1	0	1	1	1	Hips,,Spine,Spine1,Spine2,Neck,Head,leaf,LeftEye,RightEye,LeftShoulder,LeftArm,LeftForeArm,LeftHand,LeftHandThumb1,LeftHandThumb2,LeftHandThumb3,leaf.001,LeftHandIndex1,LeftHandIndex2,LeftHandIndex3,leaf.002,LeftHandMiddle1,LeftHandMiddle2,LeftHandMiddle3,leaf.003,LeftHandRing1,LeftHandRing2,LeftHandRing3,leaf.004,LeftHandPinky1,LeftHandPinky2,LeftHandPinky3,leaf.005,RightShoulder,RightArm,RightForeArm,RightHand,RightHandThumb1,RightHandThumb2,RightHandThumb3,leaf.006,RightHandIndex1,RightHandIndex2,RightHandIndex3,leaf.007,RightHandMiddle1,RightHandMiddle2,RightHandMiddle3,leaf.008,RightHandRing1,RightHandRing2,RightHandRing3,leaf.009,RightHandPinky1,RightHandPinky2,RightHandPinky3,leaf.010,LeftUpLeg,LeftLeg,LeftFoot,LeftToeBase,leaf.011,RightUpLeg,RightLeg,RightFoot,RightToeBase,leaf.012	VRM_VERSION_NONE	rightShoulder
RightArm	0.11432831734419	0.11432831734419	0.11432831734419	1	0	0	0	1	0	1	1	1	0.17217595875263	1.43428611755371	0.05126989632845	1	0	0	0	1	0	1	1	1	1.43428611755371	0.05126989632845	1	0	0	0	1	0	1	1	1	Hips,,Spine,Spine1,Spine2,Neck,Head,leaf,LeftEye,RightEye,LeftShoulder,LeftArm,LeftForeArm,LeftHand,LeftHandThumb1,LeftHandThumb2,LeftHandThumb3,leaf.001,LeftHandIndex1,LeftHandIndex2,LeftHandIndex3,leaf.002,LeftHandMiddle1,LeftHandMiddle2,LeftHandMiddle3,leaf.003,LeftHandRing1,LeftHandRing2,LeftHandRing3,leaf.004,LeftHandPinky1,LeftHandPinky2,LeftHandPinky3,leaf.005,RightShoulder,RightArm,RightForeArm,RightHand,RightHandThumb1,RightHandThumb2,RightHandThumb3,leaf.006,RightHandIndex1,RightHandIndex2,RightHandIndex3,leaf.007,RightHandMiddle1,RightHandMiddle2,RightHandMiddle3,leaf.008,RightHandRing1,RightHandRing2,RightHandRing3,leaf.009,RightHandPinky1,RightHandPinky2,RightHandPinky3,leaf.010,LeftUpLeg,LeftLeg,LeftFoot,LeftToeBase,leaf.011,RightUpLeg,RightLeg,RightFoot,RightToeBase,leaf.012	VRM_VERSION_NONE	rightUpperArm
RightForeArm	0.24149094521999	0.24149094521999	0.24149094521999	1	0	0	0	1	0	1	1	1	0.41366690397263	1.41355621814728	0.02091671340168	1	0	0	0	1	0	1	1	1	1.41355621814728	0.02091671340168	1	0	0	0	1	0	1	1	1	Hips,,Spine,Spine1,Spine2,Neck,Head,leaf,LeftEye,RightEye,LeftShoulder,LeftArm,LeftForeArm,LeftHand,LeftHandThumb1,LeftHandThumb2,LeftHandThumb3,leaf.001,LeftHandIndex1,LeftHandIndex2,LeftHandIndex3,leaf.002,LeftHandMiddle1,LeftHandMiddle2,LeftHandMiddle3,leaf.003,LeftHandRing1,LeftHandRing2,LeftHandRing3,leaf.004,LeftHandPinky1,LeftHandPinky2,LeftHandPinky3,leaf.005,RightShoulder,RightArm,RightForeArm,RightHand,RightHandThumb1,RightHandThumb2,RightHandThumb3,leaf.006,RightHandIndex1,RightHandIndex2,RightHandIndex3,leaf.007,RightHandMiddle1,RightHandMiddle2,RightHandMiddle3,leaf.008,RightHandRing1,RightHandRing2,RightHandRing3,leaf.009,RightHandPinky1,RightHandPinky2,RightHandPinky3,leaf.010,LeftUpLeg,LeftLeg,LeftFoot,LeftToeBase,leaf.011,RightUpLeg,RightLeg,RightFoot,RightToeBase,leaf.012	VRM_VERSION_NONE	rightLowerArm
RightHand	0.2740660905838	0.2740660905838	0.2740660905838	1	0	0	0	1	0	1	1	1	0.68773299455643	1.39200234413147	-0.01418031565845	1	0	0	0	1	0	1	1	1	1.39200234413147	-0.01418031565845	1	0	0	0	1	0	1	1	1	Hips,,Spine,Spine1,Spine2,Neck,Head,leaf,LeftEye,RightEye,LeftShoulder,LeftArm,LeftForeArm,LeftHand,LeftHandThumb1,LeftHandThumb2,LeftHandThumb3,leaf.001,LeftHandIndex1,LeftHandIndex2,LeftHandIndex3,leaf.002,LeftHandMiddle1,LeftHandMiddle2,LeftHandMiddle3,leaf.003,LeftHandRing1,LeftHandRing2,LeftHandRing3,leaf.004,LeftHandPinky1,LeftHandPinky2,LeftHandPinky3,leaf.005,RightShoulder,RightArm,RightForeArm,RightHand,RightHandThumb1,RightHandThumb2,RightHandThumb3,leaf.006,RightHandIndex1,RightHandIndex2,RightHandIndex3,leaf.007,RightHandMiddle1,RightHandMiddle2,RightHandMiddle3,leaf.008,RightHandRing1,RightHandRing2,RightHandRing3,leaf.009,RightHandPinky1,RightHandPinky2,RightHandPinky3,leaf.010,LeftUpLeg,LeftLeg,LeftFoot,LeftToeBase,leaf.011,RightUpLeg,RightLeg,RightFoot,RightToeBase,leaf.012	VRM_VERSION_NONE	rightHand
RightHandThumb1	0.03203475475311	0.03203475475311	0.03203475475311	1	0	0	0	1	0	1	1	1	0.71976774930954	1.37870669364929	-0.05208298563957	1	0	0	0	1	0	1	1	1	1.37870669364929	-0.05208298563957	1	0	0	0	1	0	1	1	1	Hips,,Spine,Spine1,Spine2,Neck,Head,leaf,LeftEye,RightEye,LeftShoulder,LeftArm,LeftForeArm,LeftHand,LeftHandThumb1,LeftHandThumb2,LeftHandThumb3,leaf.001,LeftHandIndex1,LeftHandIndex2,LeftHandIndex3,leaf.002,LeftHandMiddle1,LeftHandMiddle2,LeftHandMiddle3,leaf.003,LeftHandRing1,LeftHandRing2,LeftHandRing3,leaf.004,LeftHandPinky1,LeftHandPinky2,LeftHandPinky3,leaf.005,RightShoulder,RightArm,RightForeArm,RightHand,RightHandThumb1,RightHandThumb2,RightHandThumb3,leaf.006,RightHandIndex1,RightHandIndex2,RightHandIndex3,leaf.007,RightHandMiddle1,RightHandMiddle2,RightHandMiddle3,leaf.008,RightHandRing1,RightHandRing2,RightHandRing3,leaf.009,RightHandPinky1,RightHandPinky2,RightHandPinky3,leaf.010,LeftUpLeg,LeftLeg,LeftFoot,LeftToeBase,leaf.011,RightUpLeg,RightLeg,RightFoot,RightToeBase,leaf.012	VRM_VERSION_NONE	rightThumbProximal
RightHandThumb2	0.02562779188156	0.02562779188156	0.02562779188156	1	0	0	0	1	0	1	1	1	0.7453955411911	1.36807012557983	-0.08240504562855	1	0	0	0	1	0	1	1	1	1.36807012557983	-0.08240504562855	1	0	0	0	1	0	1	1	1	Hips,,Spine,Spine1,Spine2,Neck,Head,leaf,LeftEye,RightEye,LeftShoulder,LeftArm,LeftForeArm,LeftHand,LeftHandThumb1,LeftHandThumb2,LeftHandThumb3,leaf.001,LeftHandIndex1,LeftHandIndex2,LeftHandIndex3,leaf.002,LeftHandMiddle1,LeftHandMiddle2,LeftHandMiddle3,leaf.003,LeftHandRing1,LeftHandRing2,LeftHandRing3,leaf.004,LeftHandPinky1,LeftHandPinky2,LeftHandPinky3,leaf.005,RightShoulder,RightArm,RightForeArm,RightHand,RightHandThumb1,RightHandThumb2,RightHandThumb3,leaf.006,RightHandIndex1,RightHandIndex2,RightHandIndex3,leaf.007,RightHandMiddle1,RightHandMiddle2,RightHandMiddle3,leaf.008,RightHandRing1,RightHandRing2,RightHandRing3,leaf.009,RightHandPinky1,RightHandPinky2,RightHandPinky3,leaf.010,LeftUpLeg,LeftLeg,LeftFoot,LeftToeBase,leaf.011,RightUpLeg,RightLeg,RightFoot,RightToeBase,leaf.012	VRM_VERSION_NONE	rightThumbIntermediate
RightHandThumb3	0.02122175693512	0.02122175693512	0.02122175693512	1	0	0	0	1	0	1	1	1	0.76661729812622	1.35432910919189	-0.10824879258871	1	0	0	0	1	0	1	1	1	1.35432910919189	-0.10824879258871	1	0	0	0	1	0	1	1	1	Hips,,Spine,Spine1,Spine2,Neck,Head,leaf,LeftEye,RightEye,LeftShoulder,LeftArm,LeftForeArm,LeftHand,LeftHandThumb1,LeftHandThumb2,LeftHandThumb3,leaf.001,LeftHandIndex1,LeftHandIndex2,LeftHandIndex3,leaf.002,LeftHandMiddle1,LeftHandMiddle2,LeftHandMiddle3,leaf.003,LeftHandRing1,LeftHandRing2,LeftHandRing3,leaf.004,LeftHandPinky1,LeftHandPinky2,LeftHandPinky3,leaf.005,RightShoulder,RightArm,RightForeArm,RightHand,RightHandThumb1,RightHandThumb2,RightHandThumb3,leaf.006,RightHandIndex1,RightHandIndex2,RightHandIndex3,leaf.007,RightHandMiddle1,RightHandMiddle2,RightHandMiddle3,leaf.008,RightHandRing1,RightHandRing2,RightHandRing3,leaf.009,RightHandPinky1,RightHandPinky2,RightHandPinky3,leaf.010,LeftUpLeg,LeftLeg,LeftFoot,LeftToeBase,leaf.011,RightUpLeg,RightLeg,RightFoot,RightToeBase,leaf.012	VRM_VERSION_NONE	rightThumbDistal
leaf.006	0.0166916847229	0.0166916847229	0.0166916847229	1	0	0	0	1	0	1	1	1	0.78330898284912	1.34149992465973	-0.12753221392632	1	0	0	0	1	0	1	1	1	1.34149992465973	-0.12753221392632	1	0	0	0	1	0	1	1	1	Hips,,Spine,Spine1,Spine2,Neck,Head,leaf,LeftEye,RightEye,LeftShoulder,LeftArm,LeftForeArm,LeftHand,LeftHandThumb1,LeftHandThumb2,LeftHandThumb3,leaf.001,LeftHandIndex1,LeftHandIndex2,LeftHandIndex3,leaf.002,LeftHandMiddle1,LeftHandMiddle2,LeftHandMiddle3,leaf.003,LeftHandRing1,LeftHandRing2,LeftHandRing3,leaf.004,LeftHandPinky1,LeftHandPinky2,LeftHandPinky3,leaf.005,RightShoulder,RightArm,RightForeArm,RightHand,RightHandThumb1,RightHandThumb2,RightHandThumb3,leaf.006,RightHandIndex1,RightHandIndex2,RightHandIndex3,leaf.007,RightHandMiddle1,RightHandMiddle2,RightHandMiddle3,leaf.008,RightHandRing1,RightHandRing2,RightHandRing3,leaf.009,RightHandPinky1,RightHandPinky2,RightHandPinky3,leaf.010,LeftUpLeg,LeftLeg,LeftFoot,LeftToeBase,leaf.011,RightUpLeg,RightLeg,RightFoot,RightToeBase,leaf.012	VRM_VERSION_NONE	VRM_BONE_NONE
RightHandIndex1	0.10066550970078	0.10066550970078	0.10066550970078	1	0	0	0	1	0	1	1	1	0.7883985042572	1.39182472229004	-0.07520438730717	1	0	0	0	1	0	1	1	1	1.39182472229004	-0.07520438730717	1	0	0	0	1	0	1	1	1	Hips,,Spine,Spine1,Spine2,Neck,Head,leaf,LeftEye,RightEye,LeftShoulder,LeftArm,LeftForeArm,LeftHand,LeftHandThumb1,LeftHandThumb2,LeftHandThumb3,leaf.001,LeftHandIndex1,LeftHandIndex2,LeftHandIndex3,leaf.002,LeftHandMiddle1,LeftHandMiddle2,LeftHandMiddle3,leaf.003,LeftHandRing1,LeftHandRing2,LeftHandRing3,leaf.004,LeftHandPinky1,LeftHandPinky2,LeftHandPinky3,leaf.005,RightShoulder,RightArm,RightForeArm,RightHand,RightHandThumb1,RightHandThumb2,RightHandThumb3,leaf.006,RightHandIndex1,RightHandIndex2,RightHandIndex3,leaf.007,RightHandMiddle1,RightHandMiddle2,RightHandMiddle3,leaf.008,RightHandRing1,RightHandRing2,RightHandRing3,leaf.009,RightHandPinky1,RightHandPinky2,RightHandPinky3,leaf.010,LeftUpLeg,LeftLeg,LeftFoot,LeftToeBase,leaf.011,RightUpLeg,RightLeg,RightFoot,RightToeBase,leaf.012	VRM_VERSION_NONE	rightIndexProximal
RightHandIndex2	0.02779275178909	0.02779275178909	0.02779275178909	1	0	0	0	1	0	1	1	1	0.8161912560463	1.39127814769745	-0.08914079517126	1	0	0	0	1	0	1	1	1	1.39127814769745	-0.08914079517126	1	0	0	0	1	0	1	1	1	Hips,,Spine,Spine1,Spine2,Neck,Head,leaf,LeftEye,RightEye,LeftShoulder,LeftArm,LeftForeArm,LeftHand,LeftHandThumb1,LeftHandThumb2,LeftHandThumb3,leaf.001,LeftHandIndex1,LeftHandIndex2,LeftHandIndex3,leaf.002,LeftHandMiddle1,LeftHandMiddle2,LeftHandMiddle3,leaf.003,LeftHandRing1,LeftHandRing2,LeftHandRing3,leaf.004,LeftHandPinky1,LeftHandPinky2,LeftHandPinky3,leaf.005,RightShoulder,RightArm,RightForeArm,RightHand,RightHandThumb1,RightHandThumb2,RightHandThumb3,leaf.006,RightHandIndex1,RightHandIndex2,RightHandIndex3,leaf.007,RightHandMiddle1,RightHandMiddle2,RightHandMiddle3,leaf.008,RightHandRing1,RightHandRing2,RightHandRing3,leaf.009,RightHandPinky1,RightHandPinky2,RightHandPinky3,leaf.010,LeftUpLeg,LeftLeg,LeftFoot,LeftToeBase,leaf.011,RightUpLeg,RightLeg,RightFoot,RightToeBase,leaf.012	VRM_VERSION_NONE	rightIndexIntermediate
RightHandIndex3	0.0257756114006	0.0257756114006	0.0257756114006	1	0	0	0	1	0	1	1	1	0.8419668674469	1.38693463802338	-0.10172169655561	1	0	0	0	1	0	1	1	1	1.38693463802338	-0.10172169655561	1	0	0	0	1	0	1	1	1	Hips,,Spine,Spine1,Spine2,Neck,Head,leaf,LeftEye,RightEye,LeftShoulder,LeftArm,LeftForeArm,LeftHand,LeftHandThumb1,LeftHandThumb2,LeftHandThumb3,leaf.001,LeftHandIndex1,LeftHandIndex2,LeftHandIndex3,leaf.002,LeftHandMiddle1,LeftHandMiddle2,LeftHandMiddle3,leaf.003,LeftHandRing1,LeftHandRing2,LeftHandRing3,leaf.004,LeftHandPinky1,LeftHandPinky2,LeftHandPinky3,leaf.005,RightShoulder,RightArm,RightForeArm,RightHand,RightHandThumb1,RightHandThumb2,RightHandThumb3,leaf.006,RightHandIndex1,RightHandIndex2,RightHandIndex3,leaf.007,RightHandMiddle1,RightHandMiddle2,RightHandMiddle3,leaf.008,RightHandRing1,RightHandRing2,RightHandRing3,leaf.009,RightHandPinky1,RightHandPinky2,RightHandPinky3,leaf.010,LeftUpLeg,LeftLeg,LeftFoot,LeftToeBase,leaf.011,RightUpLeg,RightLeg,RightFoot,RightToeBase,leaf.012	VRM_VERSION_NONE	rightIndexDistal
leaf.007	0.02383261919022	0.02383261919022	0.02383261919022	1	0	0	0	1	0	1	1	1	0.86579948663712	1.38396918773651	-0.11349315196276	1	0	0	0	1	0	1	1	1	1.38396918773651	-0.11349315196276	1	0	0	0	1	0	1	1	1	Hips,,Spine,Spine1,Spine2,Neck,Head,leaf,LeftEye,RightEye,LeftShoulder,LeftArm,LeftForeArm,LeftHand,LeftHandThumb1,LeftHandThumb2,LeftHandThumb3,leaf.001,LeftHandIndex1,LeftHandIndex2,LeftHandIndex3,leaf.002,LeftHandMiddle1,LeftHandMiddle2,LeftHandMiddle3,leaf.003,LeftHandRing1,LeftHandRing2,LeftHandRing3,leaf.004,LeftHandPinky1,LeftHandPinky2,LeftHandPinky3,leaf.005,RightShoulder,RightArm,RightForeArm,RightHand,RightHandThumb1,RightHandThumb2,RightHandThumb3,leaf.006,RightHandIndex1,RightHandIndex2,RightHandIndex3,leaf.007,RightHandMiddle1,RightHandMiddle2,RightHandMiddle3,leaf.008,RightHandRing1,RightHandRing2,RightHandRing3,leaf.009,RightHandPinky1,RightHandPinky2,RightHandPinky3,leaf.010,LeftUpLeg,LeftLeg,LeftFoot,LeftToeBase,leaf.011,RightUpLeg,RightLeg,RightFoot,RightToeBase,leaf.012	VRM_VERSION_NONE	VRM_BONE_NONE
RightHandMiddle1	0.10902535915375	0.10902535915375	0.10902535915375	1	0	0	0	1	0	1	1	1	0.79675835371017	1.39472782611847	-0.05219633877277	1	0	0	0	1	0	1	1	1	1.39472782611847	-0.05219633877277	1	0	0	0	1	0	1	1	1	Hips,,Spine,Spine1,Spine2,Neck,Head,leaf,LeftEye,RightEye,LeftShoulder,LeftArm,LeftForeArm,LeftHand,LeftHandThumb1,LeftHandThumb2,LeftHandThumb3,leaf.001,LeftHandIndex1,LeftHandIndex2,LeftHandIndex3,leaf.002,LeftHandMiddle1,LeftHandMiddle2,LeftHandMiddle3,leaf.003,LeftHandRing1,LeftHandRing2,LeftHandRing3,leaf.004,LeftHandPinky1,LeftHandPinky2,LeftHandPinky3,leaf.005,RightShoulder,RightArm,RightForeArm,RightHand,RightHandThumb1,RightHandThumb2,RightHandThumb3,leaf.006,RightHandIndex1,RightHandIndex2,RightHandIndex3,leaf.007,RightHandMiddle1,RightHandMiddle2,RightHandMiddle3,leaf.008,RightHandRing1,RightHandRing2,RightHandRing3,leaf.009,RightHandPinky1,RightHandPinky2,RightHandPinky3,leaf.010,LeftUpLeg,LeftLeg,LeftFoot,LeftToeBase,leaf.011,RightUpLeg,RightLeg,RightFoot,RightToeBase,leaf.012	VRM_VERSION_NONE	rightMiddleProximal
RightHandMiddle2	0.03100079298019	0.03100079298019	0.03100079298019	1	0	0	0	1	0	1	1	1	0.82775914669037	1.39637839794159	-0.06218152865767	1	0	0	0	1	0	1	1	1	1.39637839794159	-0.06218152865767	1	0	0	0	1	0	1	1	1	Hips,,Spine,Spine1,Spine2,Neck,Head,leaf,LeftEye,RightEye,LeftShoulder,LeftArm,LeftForeArm,LeftHand,LeftHandThumb1,LeftHandThumb2,LeftHandThumb3,leaf.001,LeftHandIndex1,LeftHandIndex2,LeftHandIndex3,leaf.002,LeftHandMiddle1,LeftHandMiddle2,LeftHandMiddle3,leaf.003,LeftHandRing1,LeftHandRing2,LeftHandRing3,leaf.004,LeftHandPinky1,LeftHandPinky2,LeftHandPinky3,leaf.005,RightShoulder,RightArm,RightForeArm,RightHand,RightHandThumb1,RightHandThumb2,RightHandThumb3,leaf.006,RightHandIndex1,RightHandIndex2,RightHandIndex3,leaf.007,RightHandMiddle1,RightHandMiddle2,RightHandMiddle3,leaf.008,RightHandRing1,RightHandRing2,RightHandRing3,leaf.009,RightHandPinky1,RightHandPinky2,RightHandPinky3,leaf.010,LeftUpLeg,LeftLeg,LeftFoot,LeftToeBase,leaf.011,RightUpLeg,RightLeg,RightFoot,RightToeBase,leaf.012	VRM_VERSION_NONE	rightMiddleIntermediate
RightHandMiddle3	0.03056412935257	0.03056412935257	0.03056412935257	1	0	0	0	1	0	1	1	1	0.85832327604294	1.3935614824295	-0.07169342041016	1	0	0	0	1	0	1	1	1	1.3935614824295	-0.07169342041016	1	0	0	0	1	0	1	1	1	Hips,,Spine,Spine1,Spine2,Neck,Head,leaf,LeftEye,RightEye,LeftShoulder,LeftArm,LeftForeArm,LeftHand,LeftHandThumb1,LeftHandThumb2,LeftHandThumb3,leaf.001,LeftHandIndex1,LeftHandIndex2,LeftHandIndex3,leaf.002,LeftHandMiddle1,LeftHandMiddle2,LeftHandMiddle3,leaf.003,LeftHandRing1,LeftHandRing2,LeftHandRing3,leaf.004,LeftHandPinky1,LeftHandPinky2,LeftHandPinky3,leaf.005,RightShoulder,RightArm,RightForeArm,RightHand,RightHandThumb1,RightHandThumb2,RightHandThumb3,leaf.006,RightHandIndex1,RightHandIndex2,RightHandIndex3,leaf.007,RightHandMiddle1,RightHandMiddle2,RightHandMiddle3,leaf.008,RightHandRing1,RightHandRing2,RightHandRing3,leaf.009,RightHandPinky1,RightHandPinky2,RightHandPinky3,leaf.010,LeftUpLeg,LeftLeg,LeftFoot,LeftToeBase,leaf.011,RightUpLeg,RightLeg,RightFoot,RightToeBase,leaf.012	VRM_VERSION_NONE	rightMiddleDistal
leaf.008	0.02743601799011	0.02743601799011	0.02743601799011	1	0	0	0	1	0	1	1	1	0.88575929403305	1.39603734016418	-0.08044523745775	1	0	0	0	1	0	1	1	1	1.39603734016418	-0.08044523745775	1	0	0	0	1	0	1	1	1	Hips,,Spine,Spine1,Spine2,Neck,Head,leaf,LeftEye,RightEye,LeftShoulder,LeftArm,LeftForeArm,LeftHand,LeftHandThumb1,LeftHandThumb2,LeftHandThumb3,leaf.001,LeftHandIndex1,LeftHandIndex2,LeftHandIndex3,leaf.002,LeftHandMiddle1,LeftHandMiddle2,LeftHandMiddle3,leaf.003,LeftHandRing1,LeftHandRing2,LeftHandRing3,leaf.004,LeftHandPinky1,LeftHandPinky2,LeftHandPinky3,leaf.005,RightShoulder,RightArm,RightForeArm,RightHand,RightHandThumb1,RightHandThumb2,RightHandThumb3,leaf.006,RightHandIndex1,RightHandIndex2,RightHandIndex3,leaf.007,RightHandMiddle1,RightHandMiddle2,RightHandMiddle3,leaf.008,RightHandRing1,RightHandRing2,RightHandRing3,leaf.009,RightHandPinky1,RightHandPinky2,RightHandPinky3,leaf.010,LeftUpLeg,LeftLeg,LeftFoot,LeftToeBase,leaf.011,RightUpLeg,RightLeg,RightFoot,RightToeBase,leaf.012	VRM_VERSION_NONE	VRM_BONE_NONE
RightHandRing1	0.1162121295929	0.1162121295929	0.1162121295929	1	0	0	0	1	0	1	1	1	0.80394512414932	1.39402306079865	-0.02892028912902	1	0	0	0	1	0	1	1	1	1.39402306079865	-0.02892028912902	1	0	0	0	1	0	1	1	1	Hips,,Spine,Spine1,Spine2,Neck,Head,leaf,LeftEye,RightEye,LeftShoulder,LeftArm,LeftForeArm,LeftHand,LeftHandThumb1,LeftHandThumb2,LeftHandThumb3,leaf.001,LeftHandIndex1,LeftHandIndex2,LeftHandIndex3,leaf.002,LeftHandMiddle1,LeftHandMiddle2,LeftHandMiddle3,leaf.003,LeftHandRing1,LeftHandRing2,LeftHandRing3,leaf.004,LeftHandPinky1,LeftHandPinky2,LeftHandPinky3,leaf.005,RightShoulder,RightArm,RightForeArm,RightHand,RightHandThumb1,RightHandThumb2,RightHandThumb3,leaf.006,RightHandIndex1,RightHandIndex2,RightHandIndex3,leaf.007,RightHandMiddle1,RightHandMiddle2,RightHandMiddle3,leaf.008,RightHandRing1,RightHandRing2,RightHandRing3,leaf.009,RightHandPinky1,RightHandPinky2,RightHandPinky3,leaf.010,LeftUpLeg,LeftLeg,LeftFoot,LeftToeBase,leaf.011,RightUpLeg,RightLeg,RightFoot,RightToeBase,leaf.012	VRM_VERSION_NONE	rightRingProximal
RightHandRing2	0.02924692630768	0.02924692630768	0.02924692630768	1	0	0	0	1	0	1	1	1	0.833192050457	1.39654564857483	-0.0312081631273	1	0	0	0	1	0	1	1	1	1.39654564857483	-0.0312081631273	1	0	0	0	1	0	1	1	1	Hips,,Spine,Spine1,Spine2,Neck,Head,leaf,LeftEye,RightEye,LeftShoulder,LeftArm,LeftForeArm,LeftHand,LeftHandThumb1,LeftHandThumb2,LeftHandThumb3,leaf.001,LeftHandIndex1,LeftHandIndex2,LeftHandIndex3,leaf.002,LeftHandMiddle1,LeftHandMiddle2,LeftHandMiddle3,leaf.003,LeftHandRing1,LeftHandRing2,LeftHandRing3,leaf.004,LeftHandPinky1,LeftHandPinky2,LeftHandPinky3,leaf.005,RightShoulder,RightArm,RightForeArm,RightHand,RightHandThumb1,RightHandThumb2,RightHandThumb3,leaf.006,RightHandIndex1,RightHandIndex2,RightHandIndex3,leaf.007,RightHandMiddle1,RightHandMiddle2,RightHandMiddle3,leaf.008,RightHandRing1,RightHandRing2,RightHandRing3,leaf.009,RightHandPinky1,RightHandPinky2,RightHandPinky3,leaf.010,LeftUpLeg,LeftLeg,LeftFoot,LeftToeBase,leaf.011,RightUpLeg,RightLeg,RightFoot,RightToeBase,leaf.012	VRM_VERSION_NONE	rightRingIntermediate
RightHandRing3	0.02737092971802	0.02737092971802	0.02737092971802	1	0	0	0	1	0	1	1	1	0.86056298017502	1.39742994308472	-0.03325185924768	1	0	0	0	1	0	1	1	1	1.39742994308472	-0.03325185924768	1	0	0	0	1	0	1	1	1	Hips,,Spine,Spine1,Spine2,Neck,Head,leaf,LeftEye,RightEye,LeftShoulder,LeftArm,LeftForeArm,LeftHand,LeftHandThumb1,LeftHandThumb2,LeftHandThumb3,leaf.001,LeftHandIndex1,LeftHandIndex2,LeftHandIndex3,leaf.002,LeftHandMiddle1,LeftHandMiddle2,LeftHandMiddle3,leaf.003,LeftHandRing1,LeftHandRing2,LeftHandRing3,leaf.004,LeftHandPinky1,LeftHandPinky2,LeftHandPinky3,leaf.005,RightShoulder,RightArm,RightForeArm,RightHand,RightHandThumb1,RightHandThumb2,RightHandThumb3,leaf.006,RightHandIndex1,RightHandIndex2,RightHandIndex3,leaf.007,RightHandMiddle1,RightHandMiddle2,RightHandMiddle3,leaf.008,RightHandRing1,RightHandRing2,RightHandRing3,leaf.009,RightHandPinky1,RightHandPinky2,RightHandPinky3,leaf.010,LeftUpLeg,LeftLeg,LeftFoot,LeftToeBase,leaf.011,RightUpLeg,RightLeg,RightFoot,RightToeBase,leaf.012	VRM_VERSION_NONE	rightRingDistal
leaf.009	0.02372545003891	0.02372545003891	0.02372545003891	1	0	0	0	1	0	1	1	1	0.88428843021393	1.39860486984253	-0.03506320342422	1	0	0	0	1	0	1	1	1	1.39860486984253	-0.03506320342422	1	0	0	0	1	0	1	1	1	Hips,,Spine,Spine1,Spine2,Neck,Head,leaf,LeftEye,RightEye,LeftShoulder,LeftArm,LeftForeArm,LeftHand,LeftHandThumb1,LeftHandThumb2,LeftHandThumb3,leaf.001,LeftHandIndex1,LeftHandIndex2,LeftHandIndex3,leaf.002,LeftHandMiddle1,LeftHandMiddle2,LeftHandMiddle3,leaf.003,LeftHandRing1,LeftHandRing2,LeftHandRing3,leaf.004,LeftHandPinky1,LeftHandPinky2,LeftHandPinky3,leaf.005,RightShoulder,RightArm,RightForeArm,RightHand,RightHandThumb1,RightHandThumb2,RightHandThumb3,leaf.006,RightHandIndex1,RightHandIndex2,RightHandIndex3,leaf.007,RightHandMiddle1,RightHandMiddle2,RightHandMiddle3,leaf.008,RightHandRing1,RightHandRing2,RightHandRing3,leaf.009,RightHandPinky1,RightHandPinky2,RightHandPinky3,leaf.010,LeftUpLeg,LeftLeg,LeftFoot,LeftToeBase,leaf.011,RightUpLeg,RightLeg,RightFoot,RightToeBase,leaf.012	VRM_VERSION_NONE	VRM_BONE_NONE
RightHandPinky1	0.10917204618454	0.10917204618454	0.10917204618454	1	0	0	0	1	0	1	1	1	0.79690504074097	1.38972628116608	-0.00513479392976	1	0	0	0	1	0	1	1	1	1.38972628116608	-0.00513479392976	1	0	0	0	1	0	1	1	1	Hips,,Spine,Spine1,Spine2,Neck,Head,leaf,LeftEye,RightEye,LeftShoulder,LeftArm,LeftForeArm,LeftHand,LeftHandThumb1,LeftHandThumb2,LeftHandThumb3,leaf.001,LeftHandIndex1,LeftHandIndex2,LeftHandIndex3,leaf.002,LeftHandMiddle1,LeftHandMiddle2,LeftHandMiddle3,leaf.003,LeftHandRing1,LeftHandRing2,LeftHandRing3,leaf.004,LeftHandPinky1,LeftHandPinky2,LeftHandPinky3,leaf.005,RightShoulder,RightArm,RightForeArm,RightHand,RightHandThumb1,RightHandThumb2,RightHandThumb3,leaf.006,RightHandIndex1,RightHandIndex2,RightHandIndex3,leaf.007,RightHandMiddle1,RightHandMiddle2,RightHandMiddle3,leaf.008,RightHandRing1,RightHandRing2,RightHandRing3,leaf.009,RightHandPinky1,RightHandPinky2,RightHandPinky3,leaf.010,LeftUpLeg,LeftLeg,LeftFoot,LeftToeBase,leaf.011,RightUpLeg,RightLeg,RightFoot,RightToeBase,leaf.012	VRM_VERSION_NONE	rightLittleProximal
RightHandPinky2	0.02452379465103	0.02452379465103	0.02452379465103	1	0	0	0	1	0	1	1	1	0.821428835392	1.39302754402161	-0.00160344969481	1	0	0	0	1	0	1	1	1	1.39302754402161	-0.00160344969481	1	0	0	0	1	0	1	1	1	Hips,,Spine,Spine1,Spine2,Neck,Head,leaf,LeftEye,RightEye,LeftShoulder,LeftArm,LeftForeArm,LeftHand,LeftHandThumb1,LeftHandThumb2,LeftHandThumb3,leaf.001,LeftHandIndex1,LeftHandIndex2,LeftHandIndex3,leaf.002,LeftHandMiddle1,LeftHandMiddle2,LeftHandMiddle3,leaf.003,LeftHandRing1,LeftHandRing2,LeftHandRing3,leaf.004,LeftHandPinky1,LeftHandPinky2,LeftHandPinky3,leaf.005,RightShoulder,RightArm,RightForeArm,RightHand,RightHandThumb1,RightHandThumb2,RightHandThumb3,leaf.006,RightHandIndex1,RightHandIndex2,RightHandIndex3,leaf.007,RightHandMiddle1,RightHandMiddle2,RightHandMiddle3,leaf.008,RightHandRing1,RightHandRing2,RightHandRing3,leaf.009,RightHandPinky1,RightHandPinky2,RightHandPinky3,leaf.010,LeftUpLeg,LeftLeg,LeftFoot,LeftToeBase,leaf.011,RightUpLeg,RightLeg,RightFoot,RightToeBase,leaf.012	VRM_VERSION_NONE	rightLittleIntermediate
RightHandPinky3	0.01986920833588	0.01986920833588	0.01986920833588	1	0	0	0	1	0	1	1	1	0.84129804372787	1.39340734481812	0.00138994213194	1	0	0	0	1	0	1	1	1	1.39340734481812	0.00138994213194	1	0	0	0	1	0	1	1	1	Hips,,Spine,Spine1,Spine2,Neck,Head,leaf,LeftEye,RightEye,LeftShoulder,LeftArm,LeftForeArm,LeftHand,LeftHandThumb1,LeftHandThumb2,LeftHandThumb3,leaf.001,LeftHandIndex1,LeftHandIndex2,LeftHandIndex3,leaf.002,LeftHandMiddle1,LeftHandMiddle2,LeftHandMiddle3,leaf.003,LeftHandRing1,LeftHandRing2,LeftHandRing3,leaf.004,LeftHandPinky1,LeftHandPinky2,LeftHandPinky3,leaf.005,RightShoulder,RightArm,RightForeArm,RightHand,RightHandThumb1,RightHandThumb2,RightHandThumb3,leaf.006,RightHandIndex1,RightHandIndex2,RightHandIndex3,leaf.007,RightHandMiddle1,RightHandMiddle2,RightHandMiddle3,leaf.008,RightHandRing1,RightHandRing2,RightHandRing3,leaf.009,RightHandPinky1,RightHandPinky2,RightHandPinky3,leaf.010,LeftUpLeg,LeftLeg,LeftFoot,LeftToeBase,leaf.011,RightUpLeg,RightLeg,RightFoot,RightToeBase,leaf.012	VRM_VERSION_NONE	rightLittleDistal
leaf.010	0.0155326128006	0.0155326128006	0.0155326128006	1	0	0	0	1	0	1	1	1	0.85683065652847	1.39343881607056	0.00368358404376	1	0	0	0	1	0	1	1	1	1.39343881607056	0.00368358404376	1	0	0	0	1	0	1	1	1	Hips,,Spine,Spine1,Spine2,Neck,Head,leaf,LeftEye,RightEye,LeftShoulder,LeftArm,LeftForeArm,LeftHand,LeftHandThumb1,LeftHandThumb2,LeftHandThumb3,leaf.001,LeftHandIndex1,LeftHandIndex2,LeftHandIndex3,leaf.002,LeftHandMiddle1,LeftHandMiddle2,LeftHandMiddle3,leaf.003,LeftHandRing1,LeftHandRing2,LeftHandRing3,leaf.004,LeftHandPinky1,LeftHandPinky2,LeftHandPinky3,leaf.005,RightShoulder,RightArm,RightForeArm,RightHand,RightHandThumb1,RightHandThumb2,RightHandThumb3,leaf.006,RightHandIndex1,RightHandIndex2,RightHandIndex3,leaf.007,RightHandMiddle1,RightHandMiddle2,RightHandMiddle3,leaf.008,RightHandRing1,RightHandRing2,RightHandRing3,leaf.009,RightHandPinky1,RightHandPinky2,RightHandPinky3,leaf.010,LeftUpLeg,LeftLeg,LeftFoot,LeftToeBase,leaf.011,RightUpLeg,RightLeg,RightFoot,RightToeBase,leaf.012	VRM_VERSION_NONE	VRM_BONE_NONE
LeftUpLeg	-0.08558961749077	-0.08558961749077	-0.08558961749077	1	0	0	0	1	0	1	1	1	-0.0874345973134	0.96101206541061	-0.01772341504693	1	0	0	0	1	0	1	1	1	0.96101206541061	-0.01772341504693	1	0	0	0	1	0	1	1	1	Hips,,Spine,Spine1,Spine2,Neck,Head,leaf,LeftEye,RightEye,LeftShoulder,LeftArm,LeftForeArm,LeftHand,LeftHandThumb1,LeftHandThumb2,LeftHandThumb3,leaf.001,LeftHandIndex1,LeftHandIndex2,LeftHandIndex3,leaf.002,LeftHandMiddle1,LeftHandMiddle2,LeftHandMiddle3,leaf.003,LeftHandRing1,LeftHandRing2,LeftHandRing3,leaf.004,LeftHandPinky1,LeftHandPinky2,LeftHandPinky3,leaf.005,RightShoulder,RightArm,RightForeArm,RightHand,RightHandThumb1,RightHandThumb2,RightHandThumb3,leaf.006,RightHandIndex1,RightHandIndex2,RightHandIndex3,leaf.007,RightHandMiddle1,RightHandMiddle2,RightHandMiddle3,leaf.008,RightHandRing1,RightHandRing2,RightHandRing3,leaf.009,RightHandPinky1,RightHandPinky2,RightHandPinky3,leaf.010,LeftUpLeg,LeftLeg,LeftFoot,LeftToeBase,leaf.011,RightUpLeg,RightLeg,RightFoot,RightToeBase,leaf.012	VRM_VERSION_NONE	leftUpperLeg
LeftLeg	-0.01087275892496	-0.01087275892496	-0.01087275892496	1	0	0	0	1	0	1	1	1	-0.09830735623837	0.51506334543228	0.00335401855409	1	0	0	0	1	0	1	1	1	0.51506334543228	0.00335401855409	1	0	0	0	1	0	1	1	1	Hips,,Spine,Spine1,Spine2,Neck,Head,leaf,LeftEye,RightEye,LeftShoulder,LeftArm,LeftForeArm,LeftHand,LeftHandThumb1,LeftHandThumb2,LeftHandThumb3,leaf.001,LeftHandIndex1,LeftHandIndex2,LeftHandIndex3,leaf.002,LeftHandMiddle1,LeftHandMiddle2,LeftHandMiddle3,leaf.003,LeftHandRing1,LeftHandRing2,LeftHandRing3,leaf.004,LeftHandPinky1,LeftHandPinky2,LeftHandPinky3,leaf.005,RightShoulder,RightArm,RightForeArm,RightHand,RightHandThumb1,RightHandThumb2,RightHandThumb3,leaf.006,RightHandIndex1,RightHandIndex2,RightHandIndex3,leaf.007,RightHandMiddle1,RightHandMiddle2,RightHandMiddle3,leaf.008,RightHandRing1,RightHandRing2,RightHandRing3,leaf.009,RightHandPinky1,RightHandPinky2,RightHandPinky3,leaf.010,LeftUpLeg,LeftLeg,LeftFoot,LeftToeBase,leaf.011,RightUpLeg,RightLeg,RightFoot,RightToeBase,leaf.012	VRM_VERSION_NONE	leftLowerLeg
LeftFoot	-0.01760334521532	-0.01760334521532	-0.01760334521532	1	0	0	0	1	0	1	1	1	-0.11591070145369	0.09122270345688	0.03077655285597	1	0	0	0	1	0	1	1	1	0.09122270345688	0.03077655285597	1	0	0	0	1	0	1	1	1	Hips,,Spine,Spine1,Spine2,Neck,Head,leaf,LeftEye,RightEye,LeftShoulder,LeftArm,LeftForeArm,LeftHand,LeftHandThumb1,LeftHandThumb2,LeftHandThumb3,leaf.001,LeftHandIndex1,LeftHandIndex2,LeftHandIndex3,leaf.002,LeftHandMiddle1,LeftHandMiddle2,LeftHandMiddle3,leaf.003,LeftHandRing1,LeftHandRing2,LeftHandRing3,leaf.004,LeftHandPinky1,LeftHandPinky2,LeftHandPinky3,leaf.005,RightShoulder,RightArm,RightForeArm,RightHand,RightHandThumb1,RightHandThumb2,RightHandThumb3,leaf.006,RightHandIndex1,RightHandIndex2,RightHandIndex3,leaf.007,RightHandMiddle1,RightHandMiddle2,RightHandMiddle3,leaf.008,RightHandRing1,RightHandRing2,RightHandRing3,leaf.009,RightHandPinky1,RightHandPinky2,RightHandPinky3,leaf.010,LeftUpLeg,LeftLeg,LeftFoot,LeftToeBase,leaf.011,RightUpLeg,RightLeg,RightFoot,RightToeBase,leaf.012	VRM_VERSION_NONE	leftFoot
LeftToeBase	-0.02132984250784	-0.02132984250784	-0.02132984250784	1	0	0	0	1	0	1	1	1	-0.13724054396152	0.01341432332993	-0.09016115218401	1	0	0	0	1	0	1	1	1	0.01341432332993	-0.09016115218401	1	0	0	0	1	0	1	1	1	Hips,,Spine,Spine1,Spine2,Neck,Head,leaf,LeftEye,RightEye,LeftShoulder,LeftArm,LeftForeArm,LeftHand,LeftHandThumb1,LeftHandThumb2,LeftHandThumb3,leaf.001,LeftHandIndex1,LeftHandIndex2,LeftHandIndex3,leaf.002,LeftHandMiddle1,LeftHandMiddle2,LeftHandMiddle3,leaf.003,LeftHandRing1,LeftHandRing2,LeftHandRing3,leaf.004,LeftHandPinky1,LeftHandPinky2,LeftHandPinky3,leaf.005,RightShoulder,RightArm,RightForeArm,RightHand,RightHandThumb1,RightHandThumb2,RightHandThumb3,leaf.006,RightHandIndex1,RightHandIndex2,RightHandIndex3,leaf.007,RightHandMiddle1,RightHandMiddle2,RightHandMiddle3,leaf.008,RightHandRing1,RightHandRing2,RightHandRing3,leaf.009,RightHandPinky1,RightHandPinky2,RightHandPinky3,leaf.010,LeftUpLeg,LeftLeg,LeftFoot,LeftToeBase,leaf.011,RightUpLeg,RightLeg,RightFoot,RightToeBase,leaf.012	VRM_VERSION_NONE	leftToes
leaf.011	-0.00825756788254	-0.00825756788254	-0.00825756788254	1	0	0	0	1	0	1	1	1	-0.14549811184406	0.01077875588089	-0.14738000929356	1	0	0	0	1	0	1	1	1	0.01077875588089	-0.14738000929356	1	0	0	0	1	0	1	1	1	Hips,,Spine,Spine1,Spine2,Neck,Head,leaf,LeftEye,RightEye,LeftShoulder,LeftArm,LeftForeArm,LeftHand,LeftHandThumb1,LeftHandThumb2,LeftHandThumb3,leaf.001,LeftHandIndex1,LeftHandIndex2,LeftHandIndex3,leaf.002,LeftHandMiddle1,LeftHandMiddle2,LeftHandMiddle3,leaf.003,LeftHandRing1,LeftHandRing2,LeftHandRing3,leaf.004,LeftHandPinky1,LeftHandPinky2,LeftHandPinky3,leaf.005,RightShoulder,RightArm,RightForeArm,RightHand,RightHandThumb1,RightHandThumb2,RightHandThumb3,leaf.006,RightHandIndex1,RightHandIndex2,RightHandIndex3,leaf.007,RightHandMiddle1,RightHandMiddle2,RightHandMiddle3,leaf.008,RightHandRing1,RightHandRing2,RightHandRing3,leaf.009,RightHandPinky1,RightHandPinky2,RightHandPinky3,leaf.010,LeftUpLeg,LeftLeg,LeftFoot,LeftToeBase,leaf.011,RightUpLeg,RightLeg,RightFoot,RightToeBase,leaf.012	VRM_VERSION_NONE	VRM_BONE_NONE
RightUpLeg	0.08558959513903	0.08558959513903	0.08558959513903	1	0	0	0	1	0	1	1	1	0.08374461531639	0.96101206541061	-0.01856399700046	1	0	0	0	1	0	1	1	1	0.96101206541061	-0.01856399700046	1	0	0	0	1	0	1	1	1	Hips,,Spine,Spine1,Spine2,Neck,Head,leaf,LeftEye,RightEye,LeftShoulder,LeftArm,LeftForeArm,LeftHand,LeftHandThumb1,LeftHandThumb2,LeftHandThumb3,leaf.001,LeftHandIndex1,LeftHandIndex2,LeftHandIndex3,leaf.002,LeftHandMiddle1,LeftHandMiddle2,LeftHandMiddle3,leaf.003,LeftHandRing1,LeftHandRing2,LeftHandRing3,leaf.004,LeftHandPinky1,LeftHandPinky2,LeftHandPinky3,leaf.005,RightShoulder,RightArm,RightForeArm,RightHand,RightHandThumb1,RightHandThumb2,RightHandThumb3,leaf.006,RightHandIndex1,RightHandIndex2,RightHandIndex3,leaf.007,RightHandMiddle1,RightHandMiddle2,RightHandMiddle3,leaf.008,RightHandRing1,RightHandRing2,RightHandRing3,leaf.009,RightHandPinky1,RightHandPinky2,RightHandPinky3,leaf.010,LeftUpLeg,LeftLeg,LeftFoot,LeftToeBase,leaf.011,RightUpLeg,RightLeg,RightFoot,RightToeBase,leaf.012	VRM_VERSION_NONE	rightUpperLeg
RightLeg	0.01087182760239	0.01087182760239	0.01087182760239	1	0	0	0	1	0	1	1	1	0.09461644291878	0.51506358385086	0.00357598997653	1	0	0	0	1	0	1	1	1	0.51506358385086	0.00357598997653	1	0	0	0	1	0	1	1	1	Hips,,Spine,Spine1,Spine2,Neck,Head,leaf,LeftEye,RightEye,LeftShoulder,LeftArm,LeftForeArm,LeftHand,LeftHandThumb1,LeftHandThumb2,LeftHandThumb3,leaf.001,LeftHandIndex1,LeftHandIndex2,LeftHandIndex3,leaf.002,LeftHandMiddle1,LeftHandMiddle2,LeftHandMiddle3,leaf.003,LeftHandRing1,LeftHandRing2,LeftHandRing3,leaf.004,LeftHandPinky1,LeftHandPinky2,LeftHandPinky3,leaf.005,RightShoulder,RightArm,RightForeArm,RightHand,RightHandThumb1,RightHandThumb2,RightHandThumb3,leaf.006,RightHandIndex1,RightHandIndex2,RightHandIndex3,leaf.007,RightHandMiddle1,RightHandMiddle2,RightHandMiddle3,leaf.008,RightHandRing1,RightHandRing2,RightHandRing3,leaf.009,RightHandPinky1,RightHandPinky2,RightHandPinky3,leaf.010,LeftUpLeg,LeftLeg,LeftFoot,LeftToeBase,leaf.011,RightUpLeg,RightLeg,RightFoot,RightToeBase,leaf.012	VRM_VERSION_NONE	rightLowerLeg
RightFoot	0.01760300993919	0.01760300993919	0.01760300993919	1	0	0	0	1	0	1	1	1	0.11221945285797	0.09122258424759	0.02770004980266	1	0	0	0	1	0	1	1	1	0.09122258424759	0.02770004980266	1	0	0	0	1	0	1	1	1	Hips,,Spine,Spine1,Spine2,Neck,Head,leaf,LeftEye,RightEye,LeftShoulder,LeftArm,LeftForeArm,LeftHand,LeftHandThumb1,LeftHandThumb2,LeftHandThumb3,leaf.001,LeftHandIndex1,LeftHandIndex2,LeftHandIndex3,leaf.002,LeftHandMiddle1,LeftHandMiddle2,LeftHandMiddle3,leaf.003,LeftHandRing1,LeftHandRing2,LeftHandRing3,leaf.004,LeftHandPinky1,LeftHandPinky2,LeftHandPinky3,leaf.005,RightShoulder,RightArm,RightForeArm,RightHand,RightHandThumb1,RightHandThumb2,RightHandThumb3,leaf.006,RightHandIndex1,RightHandIndex2,RightHandIndex3,leaf.007,RightHandMiddle1,RightHandMiddle2,RightHandMiddle3,leaf.008,RightHandRing1,RightHandRing2,RightHandRing3,leaf.009,RightHandPinky1,RightHandPinky2,RightHandPinky3,leaf.010,LeftUpLeg,LeftLeg,LeftFoot,LeftToeBase,leaf.011,RightUpLeg,RightLeg,RightFoot,RightToeBase,leaf.012	VRM_VERSION_NONE	rightFoot
RightToeBase	0.02132099866867	0.02132099866867	0.02132099866867	1	0	0	0	1	0	1	1	1	0.13354045152664	0.0134149864316	-0.08813370764256	1	0	0	0	1	0	1	1	1	0.0134149864316	-0.08813370764256	1	0	0	0	1	0	1	1	1	Hips,,Spine,Spine1,Spine2,Neck,Head,leaf,LeftEye,RightEye,LeftShoulder,LeftArm,LeftForeArm,LeftHand,LeftHandThumb1,LeftHandThumb2,LeftHandThumb3,leaf.001,LeftHandIndex1,LeftHandIndex2,LeftHandIndex3,leaf.002,LeftHandMiddle1,LeftHandMiddle2,LeftHandMiddle3,leaf.003,LeftHandRing1,LeftHandRing2,LeftHandRing3,leaf.004,LeftHandPinky1,LeftHandPinky2,LeftHandPinky3,leaf.005,RightShoulder,RightArm,RightForeArm,RightHand,RightHandThumb1,RightHandThumb2,RightHandThumb3,leaf.006,RightHandIndex1,RightHandIndex2,RightHandIndex3,leaf.007,RightHandMiddle1,RightHandMiddle2,RightHandMiddle3,leaf.008,RightHandRing1,RightHandRing2,RightHandRing3,leaf.009,RightHandPinky1,RightHandPinky2,RightHandPinky3,leaf.010,LeftUpLeg,LeftLeg,LeftFoot,LeftToeBase,leaf.011,RightUpLeg,RightLeg,RightFoot,RightToeBase,leaf.012	VRM_VERSION_NONE	rightToes
leaf.012	0.00825360417366	0.00825360417366	0.00825360417366	1	0	0	0	1	0	1	1	1	0.1417940557003	0.01077977567911	-0.14421208202839	1	0	0	0	1	0	1	1	1	0.01077977567911	-0.14421208202839	1	0	0	0	1	0	1	1	1	Hips,,Spine,Spine1,Spine2,Neck,Head,leaf,LeftEye,RightEye,LeftShoulder,LeftArm,LeftForeArm,LeftHand,LeftHandThumb1,LeftHandThumb2,LeftHandThumb3,leaf.001,LeftHandIndex1,LeftHandIndex2,LeftHandIndex3,leaf.002,LeftHandMiddle1,LeftHandMiddle2,LeftHandMiddle3,leaf.003,LeftHandRing1,LeftHandRing2,LeftHandRing3,leaf.004,LeftHandPinky1,LeftHandPinky2,LeftHandPinky3,leaf.005,RightShoulder,RightArm,RightForeArm,RightHand,RightHandThumb1,RightHandThumb2,RightHandThumb3,leaf.006,RightHandIndex1,RightHandIndex2,RightHandIndex3,leaf.007,RightHandMiddle1,RightHandMiddle2,RightHandMiddle3,leaf.008,RightHandRing1,RightHandRing2,RightHandRing3,leaf.009,RightHandPinky1,RightHandPinky2,RightHandPinky3,leaf.010,LeftUpLeg,LeftLeg,LeftFoot,LeftToeBase,leaf.011,RightUpLeg,RightLeg,RightFoot,RightToeBase,leaf.012	VRM_VERSION_NONE	VRM_BONE_NONE
